index,published,topic,term,domain,language,valid,de,title,description,en,la,url,image,archive,content,quote,added,feed,country,ipcc,continent
2949f89e0b5317d80ed846cd3bddcac8,2026-07-01T12:56:18Z,Wildfire,лесной пожар в калужской области,pikabu.ru,ru,0.3,"Hütte in der Taiga. Die allererste Reise. In dieser Geschichte erzähle ich euch, wie ich mich vor Zecken schütze, wie ich völlig zufällig einen tollen Ort gefunden habe und gleichzeitig Spuren eines Bären gefunden habe.
Und ein wenig vorausschauend füge ich auf Wunsch ein Video mit einem Überblick über die Hütte von innen hinzu, gefilmt für Nikitas Corefan. Das ist Anfang Oktober 2024...",Избушка в тайге. Самая первая поездка,"В этой истории расскажу, как защищаюсь от клещей, как совершенно случайно нашёл отличное место, а заодно нашёл следы медведя.
И немного забегая вперёд, по просьбам добавляю видео с обзором избушки изнутри, снимал для корефана Никиты. Это начало октября 2024 …","Hut in the taiga. The very first trip. In this story I’ll tell you how I protect myself from ticks, how I completely accidentally found a great place, and at the same time found traces of a bear.
And looking ahead a little, at the request, I’m adding a video with an overview of the hut from the inside, filmed for Nikita’s corefan. This is the beginning of October 2024...","Casa in taiga. Primum iter ipsum. In hac fabula narrabo tibi quomodo me ab ricinis tueor, quomodo magnum locum penitus inveni, et simul ursi vestigia inveni.
Et paululum prospicio, rogante, video video cum contemplatione casae ab intus, filmed pro Nikita's corefan. Hoc est initium mensis Octobris anno MMXXIV.",https://pikabu.ru/story/izbushka_v_tayge_samaya_pervaya_poezdka_14112119,https://cs18.pikabu.ru/s/2026/06/28/09/5gabfq6w_s.jpg,,", , .
 , , . 2024 , , . ,  , , . - , , .
 2023 : , +10, , , 2*3, 15, , , , . . , .
 3 , 3 - .
 , , , - , , . , 
, 
, . .
 - , , , . , .
.
, , , . .
 , , , .
.
. - . .
, 
, , , , . , 12,… [+336 chars]",,2026-07-03 04:06:34+00:00,wmo,Russia,ESB,Europe
1b304f6330d4213442ab325d0882cfe9,2026-07-01T04:03:19Z,Heat Wave,жара в москве,news.mail.ru,ru,0.7,"Hitze in Moskau: Welche Temperatur sollte es am Arbeitsplatz haben und wann sollte man um eine Verkürzung des Tages bitten. Eine stickige Büroumgebung kann nicht nur Ihre Produktivität, sondern auch Ihre Gesundheit gefährden. Und die Hitze ist ein Grund für ein ernsthaftes Gespräch mit den Behörden. Life.ru untersucht, welche Temperatur im Arbeitsbereich herrschen sollte und wann Sie aufgrund der Hitze einen kürzeren Tag fordern können.",Жара в Москве: Какая температура должна быть на рабочем месте и когда просить сократить день,"Духота в офисе может поставить под удар не только продуктивность, но и здоровье. И жара — это повод для серьёзного разговора с начальством. Life.ru разбирает, какая температура должна быть в рабочем помещении и когда можно требовать сокращения дня из-за жары.","Heat in Moscow: What temperature should it be in the workplace and when to ask to shorten the day. A stuffy office environment can jeopardize not only your productivity, but also your health. And the heat is a reason for a serious conversation with the authorities. Life.ru looks at what temperature should be in the work area and when you can demand a shorter day due to the heat.","Calor Moscuae: Qualis temperies debet esse in fabrica et quando postulet ut diem minuat. Ambitus officium stuffy officiendi non solum fructus tuos, sed etiam valetudinem tuam periclitari potest. Causa et calor gravis colloquii cum auctoribus est. Life.ru spectat quid sit temperatura in opere regio et cum breviorem diem ob aestum exigere possis.",https://news.mail.ru/society/71470109/,https://resizer.mail.ru/p/0150adba-4b5f-5e07-96a2-91380327476c/AQAGRzjASTJnj-bK3ci2PU2c3_LBxdjucjgz5zPF5KfWRdARQlKHO2Bk5nOHQGTCHYGDuZipfT1GOa_AHeyw7mS_UPE.png,,",    —   .       ,       . ,   ,     ,      ,     .   -  ,   !   .
  , ,      .   ,   ,     .       ,   ? ,   ,     . Life.ru ,   ,  ,     -  .
1.2.3685−21.   : , ,    .   , ,      .
   I  I.  I  … [+341 chars]",,2026-07-04 11:45:38+00:00,wmo,Russia,ESB,Europe
cba91852cef14d0f2a10f4d31be7b221,2026-07-01T04:32:59Z,Heat Wave,жара в москве,lenta.ru,ru,0.7,"Die Moskauer wurden vor 30 Grad Hitze gewarnt. Am Mittwoch, 1. Juli, herrscht in Moskau eine Hitze von 30 Grad. Die Chefspezialistin des Meteorologiebüros der Hauptstadt, Tatyana Pozdnyakova, warnte die Einwohner der Hauptstadt davor, ihre Worte werden von RIA Novosti berichtet",Москвичей предупредили о 30-градусной жаре,"В среду, 1 июля, в Москве наступит 30-градусная жара. Об этом предупредила жителей столицы главный специалист столичного метеобюро Татьяна Позднякова, ее слова передает РИА Новости","Muscovites were warned about 30-degree heat. On Wednesday, July 1, Moscow will experience 30-degree heat. The chief specialist of the capital's meteorological bureau, Tatyana Pozdnyakova, warned residents of the capital about this, her words are reported by RIA Novosti","Moscovitae moniti sunt circa 30-gradum caloris. Die Mercurii, I mensis Iulii, Moscuae triginta gradus caloris experietur. Princeps specialist meteorologicum bureau Tatyana Pozdnyakova capitalis, incolas capitis de hoc monuit, eius verba per RIA Novosti relata sunt.",https://lenta.ru/news/2026/07/01/moskvichey-predupredili-o-30-gradusnoy-zhare/,https://icdn.lenta.ru/images/2026/07/01/07/20260701073416442/share_eb1063d2569b4839f4ccff20a0c67b7e.jpg,,", 1 , 30- . , .
 , , 2 . 30 . - , .
 40- , , , .
 «» . , 4 5 . : 25 , 15-17 10-13 , .",,2026-07-04 11:45:38+00:00,wmo,Russia,ESB,Europe
20a7feff190db053da1f864746593138,2026-07-01T16:54:17Z,Heat Wave,жара в россии,www.youtube.com,ru,0.7,"Chodorkowski LIVE: ⚡️NEWS | Evakuierung in der Stadt Moskau | GRENZWERTE FÜR BENZIN IN GANZ RUSSLAND | APU-Drohnenangriffe | HITZE (07.01.2026). Hauptnachrichten vom 1. Juli:
- Benzinbeschränkungen in ganz Russland.
- Im Federation Tower in der Stadt Moskau wurde eine Evakuierung angekündigt. 
- Angriff auf Pensa: Der Generalstab der ukrainischen Streitkräfte bestätigte einen Angriff auf das Forschungsinstitut für physikalische Messungen, dort brach ein Feuer aus.
- Außerdem trafen Drohnen der ukrainischen Streitkräfte die Ölraffinerie in Ufa, mit...",Ходорковский LIVE: ⚡️НОВОСТИ | ЭВАКУАЦИЯ В МОСКВА-СИТИ | ЛИМИТЫ НА БЕНЗИН ПО ВСЕЙ РОССИИ | УДАРЫ ДРОНОВ ВСУ | ЖАРА (2026-01-07),"Главные новости 1 июля:
- Лимиты на бензин по всей России.
- В башне Федерация в Москва-сити была объявлена эвакуация. 
- Атака на Пензу: генштаб ВСУ подтвердил попадание по НИИ физических измерений, там возник пожар.
- Также дроны ВСУ ударили по НПЗ в Уфе, с…","Khodorkovsky LIVE: ⚡️NEWS | EVACUATION IN MOSCOW CITY | LIMITS ON GASOLINE ACROSS RUSSIA | APU DRONE STRIKES | HEAT (2026-01-07). Main news on July 1:
- Limits on gasoline throughout Russia.
- An evacuation was announced at the Federation Tower in Moscow City. 
- Attack on Penza: the General Staff of the Ukrainian Armed Forces confirmed a hit on the Research Institute of Physical Measurements, a fire broke out there.
- Also, drones of the Ukrainian Armed Forces hit the oil refinery in Ufa, with...","Khodorkovsky LIVE: ⚡️NEWS | EVACUATION IN URBE MOSCOW | TERMINIS DE GASOLINE PER RUSSIA | APU DRONE STREKES | HEAT (2026-01-07). Praecipuum nuntium die I Iulii;
— Limites gasoline per Russiam.
- Nuntiata est evacuatio apud Turrim Foederationis in urbe Moscuae. 
- Impetum in Penza: Staff Generalis Virium armatorum Ucrainae confirmavit ictus in Research Instituto Mensurae Physicae, ignis ibi exarsit.
- Etiam, fuci copiae armatae Ucrainae oleum conflatorio in Ufa percusserunt, cum ...",https://www.youtube.com/supported_browsers?next_url=https://www.youtube.com/watch%3Fv%3DnP4KWkKn94g,,,"Your browser isnt supported anymore. Update it to get the best YouTube experience and our latest features. Learn more
Remind me later",,2026-07-04 11:45:38+00:00,wmo,Russia,ESB,Europe
d4f27786e19e23fec5a65fc1c38649f8,2026-07-01T14:10:14Z,Storm,гроза в Москве,vz.ru,ru,0.8,"Meteorologe Pozdnyakova sagte das Ende der Hitze und des Regens in Moskau voraus. In der Hauptstadtregion wird ein allmählicher Rückgang der Lufttemperatur erwartet, der mit kurzfristigen Niederschlägen und gelegentlichen Gewittern einhergeht, sagten Prognostiker. Die Hitze werde in den kommenden Tagen beginnen, die Hauptstadt zu verlassen, schreibt RT unter Berufung auf einen führenden Informationsspezialisten...",Синоптик Позднякова спрогнозировала уход жары и дожди в Москве,"В столичном регионе ожидается постепенное снижение температуры воздуха, которое будет сопровождаться кратковременными осадками и местами грозами, сообщили синоптики. Жара начнет покидать столицу в ближайшие дни, пишет RT со ссылкой на ведущего специалиста инф…","Forecaster Pozdnyakova predicted the end of the heat and rain in Moscow. In the capital region, a gradual decrease in air temperature is expected, which will be accompanied by short-term precipitation and occasional thunderstorms, forecasters said. The heat will begin to leave the capital in the coming days, writes RT with reference to a leading information specialist...","Vatem Pozdnyakova praedixit finem caloris et pluviae Moscuae. In regione capitali, paulatim decrementum temperaturae aeris expectatur, quae cum brevi tempore praecipitatio et procellis occasionalibus et tempestatibus vadis comitabitur dixit. Calor incipiet excedere capitale in diebus venientibus, scribit RT cum principali informatione speciali...",https://vz.ru/news/2026/7/1/1431623.html#text,https://img.vz.ru/upimg/soc/soc_1431623.png,,", RT «» . , .
 , 18 20 , 2527 . . « , », .
 15 16 , 23 25 . 15 , 2224 . , , 18 23 .
 , - . 
   . «» .",,2026-07-04 11:45:38+00:00,wmo,Russia,ESB,Europe
ee12246580ed0a2ce4433738a9c71cb3,2026-07-01T13:07:09Z,Heat Wave,жара в россии,rg.ru,ru,0.7,"Die Russen erzählten, wie sie der Hitze entkommen konnten. Mehrere Regionen Russlands waren von ungewöhnlicher Hitze betroffen. Die Bewohner des Landes gaben in einer Umfrage zu, dass ihnen dieses Wetter nicht wirklich gefällt und sie mit allen Mitteln versuchen, ihm zu entkommen.","Россияне рассказали, как спасаются в жару","Ряд регионов России накрыла аномальная жара. Жители страны в опросе признались, что не очень любят такую погоду и всячески пытаются от нее спастись.",The Russians told how they escape in the heat. A number of regions of Russia were covered by abnormal heat. Residents of the country admitted in a survey that they do not really like this weather and are trying in every possible way to escape from it.,Russi nuntiaverunt quomodo aestu evaserint. Aliquot Russiae regiones calore abnormalibus tegebant. Residentes regionis in lustratione admittendae se non re vera tempestatem similem esse et omni modo effugere conantur.,https://rg.ru/2026/07/01/rossiiane-rasskazali-kak-spasaiutsia-v-zharu.html,https://cdnstatic.rg.ru/images/rg-social-dummy-logo-650x360.jpg,,"- . 34% . , , - , , .
 - 21%. 9% . 4% """".
 32% , - , .
KP.Ru, 1,1 .
 """" , .",,2026-07-05 16:18:35+00:00,wmo,Russia,ESB,Europe
b5def65eedc4583adbabb3ace45c5741,2026-07-01T09:18:28Z,Heat Wave,жара в россии,pogoda.mail.ru,ru,0.7,"Prognostiker sagten den Russen für diese Woche Wetterschwankungen voraus. Wir verraten Ihnen, welches Wetter in den Regionen Russlands vom 1. bis 5. Juli 2026 zu erwarten ist. Prognose: Wo die Hitze kommt und wo es regnen wird.",Синоптики пообещали россиянам погодные качели на неделе,"Рассказываем, какая погода ожидается в регионах России с 1 по 5 июля 2026. Прогноз: куда придет жара, а где пройдут дожди.","Forecasters promised the Russians weather swings this week. We tell you what weather is expected in the regions of Russia from July 1 to July 5, 2026. Forecast: where the heat will come and where it will rain.",Praetores polliciti sunt Russos hac septimana tempestates avertit. Dicimus vobis quanta tempestas expectetur in regionibus Russiae ab die 1 mensis Iulii ad diem 5 Iulii 2026. Praedictio: ubi calor veniet et ubi pluet.,https://pogoda.mail.ru/news/71471837/,https://resizer.mail.ru/p/e7fafa18-4912-5be3-9d8e-7d8dc8c93506/AQAGsw1f1PlzUqa2QBg7lBHyyuaatU3K-Yi-ofgHNsMJTmWIjcBdhWedv0OMNibrPIZB0Ggue7xrZnlkDrcwG1rqOyY.jpg,,".     +28 °C,     .  :  , 3 , ,    ,    +20 °C  +24 °C.",,2026-07-06 04:37:36+00:00,wmo,Russia,ESB,Europe
944291221c280cbdabf0649b5c8a6c70,2026-07-03T07:06:37Z,Heat Wave,жара в россии,www.ixbt.com,ru,0.7,"Die Hitze in Europa beträgt 40 Grad. Woraus man ein Haus baut, damit man dort im Sommer angenehm kühl wohnen kann. Unter heißen Bedingungen
In diesem Jahr erreicht die Temperatur in Europa 40 Grad, das ist möglich
anzunehmen, dass auch das Zentrum Russlands in naher Zukunft zu einem schwächenden Ort werden wird
heiße Sommersaison. Niemand aus...Weiterlesen","Жара в Европе 40 градусов. Из чего строить дом, чтобы летом там жить в комфортной прохладе","В условиях жары
этого года в Европе, года, температура достигает 40 градусов, можно
предположить, что центр России в ближайшее времена тоже станет местом изнуряющее
жарких летних сезонов. Никто от...Читать дальше","The heat in Europe is 40 degrees. What to build a house from so that you can live comfortably cool there in the summer. In hot conditions
this year in Europe, the temperature reaches 40 degrees, you can
to assume that the center of Russia in the near future will also become a debilitating place
hot summer seasons. Nobody from...Read more","Calor in Europa est 40 gradus. Quae domum edificant, ut ibi aestate refrigerari commode possis. In calidum conditionibus
Hoc anno in Europa temperatura 40 gradus attingere potes
assumere centrum Russiae in proximo futurum etiam locum debilitatem fieri
calidis aestatis temporibus. Nemo ex... Read more",https://www.ixbt.com/live/offtopic/zhara-v-evrope-40-gradusov-iz-chego-stroit-dom-chtoby-letom-tam-zhit-v-komfortnoy-prohlade.html,https://img.ixbt.site/live/topics/preview/00/15/84/34/7cbe662143.png,,", , 40 , 
, 
 . .
( , 
 ). , 
 , 7-10 , .
—  . 
 . 
() () (
 , , , ) 
 (), . ,
 .
, 
 , , 
 , 
 , , 
 .
, ,
 .
, 
 . , 
 . , 640
 380 .
380 ( ) 
 = 0,47
/(·°).
 — R = / ,  —… [+746 chars]",,2026-07-06 04:37:36+00:00,wmo,Russia,ESB,Europe
2a5cdc2d55e10ff3a082e3fee70b22ab,2026-07-03T08:48:48Z,Heat Wave,жара в россии,pogoda.mail.ru,ru,0.7,"35 Grad Hitze werden heute einen Teil Russlands treffen. Wir sagen Ihnen, welches Wetter in den Regionen Russlands am 3. Juli 2026 erwartet wird. Vorhersage für Freitag, wo die Hitze 35 Grad erreichen wird, wo es zu regnen beginnt und wo Hagel möglich ist.",35-градусная жара сегодня овладеет частью России,"Рассказываем, какая погода ожидается в регионах России 3 июля 2026. Прогноз на пятницу, куда придет 35-градусная жара, где начнут идти дожди, где возможен град.","35-degree heat will hit part of Russia today. We tell you what weather is expected in the regions of Russia on July 3, 2026. Forecast for Friday, where the heat will reach 35 degrees, where it will begin to rain, where hail is possible.","35-gradus caloris partem Russiae hodie feriet. Dicimus vobis quanta tempestas expectetur in regionibus Russiae die 3 mensis Iulii anno 2026. Praedictio Veneris, ubi calor 35 gradus pervenerit, ubi pluere incipiet, ubi grando fieri potest.",https://pogoda.mail.ru/news/71500014/,https://resizer.mail.ru/p/51d15665-cffa-5689-af57-3fb8a5d7e4db/AAAGwky5r_oxHXlxBJW1TTELB99txrlBiwIu6HLTJGdBZybujWm05Nv7gAkXCEAQAFN-WywmwNN1E0Gy-uB0qPb35q8.jpg,,", 3 , . , ,  ,  +35 °. . 30-    .   .   , .
  .  ,   +30°.     , 4 , .   ,   .        .   — +27°,   — +30°.
  ,   .     +23°,   — +22°,   — +25°,   — +27°.
   .    +25°.   :   — +31°,   — +32°,   … [+8 chars]",,2026-07-06 04:37:36+00:00,wmo,Russia,ESB,Europe
0b7cb43e35cb707723bb316ffe56cae8,2026-07-03T13:02:16Z,Thunderstorm,гроза в россии,iz.ru,ru,0.7,"Bis zum Morgen des 4. Juli wird in der Region Moskau mit Regen mit Gewittern und verstärktem Wind gerechnet. Von Freitagabend bis Samstagmorgen, dem 4. Juli, werden in der Region Moskau Regen, Gewitter, Hagel und Windgeschwindigkeiten von bis zu 17 m/s erwartet. Der Pressedienst des russischen Katastrophenschutzministeriums für die Region meldete dies am 3. Juli. „Laut der Wettervorhersage der föderalen Staatshaushaltsinstitution „Zentrale ...",Дождь с грозой и усиление ветра ожидаются в Подмосковье до утра 4 июля,"Дождь, гроза, град и ветер до 17 м/с ожидаются в Подмосковье с вечера пятницы до утра субботы, 4 июля. Об этом пресс-служба управления МЧС России по региону сообщила 3 июля.«Согласно прогнозу погоды федерального государственного бюджетного учреждения «Централ…","Rain with thunderstorms and increased wind are expected in the Moscow region until the morning of July 4th. Rain, thunderstorm, hail and wind up to 17 m/s are expected in the Moscow region from Friday evening to Saturday morning, July 4. The press service of the Russian Ministry of Emergency Situations for the region reported this on July 3. “According to the weather forecast of the federal state budgetary institution “Central ...","Pluviae cum procellis et venti auctis exspectantur in regione Mosquae usque ad mane 4 mensis Iulii. Pluviis, tonitrui, grando et venti usque ad diem 17 m/s exspectantur in regione Moscuensi a vespere Veneris usque ad mane Saturni, Iulias 4. Ministerium diurnariis Russorum Ministerii Emergency Situationis regioni hoc die 3. Iulii nuntiaverunt “Secundum tempestatem praenuntiationem institutionis oeconomicae status foederati “Centralis ...",https://iz.ru/2126533/2026-07-03/dozhd-s-grozoi-i-usilenie-vetra-ozhidaiutsia-v-podmoskove-do-utra-4-iiulia,http://cdn.iz.ru/sites/default/files/styles/900x506/public/news-2026-07/DK108591%20copy%202.jpg?itok=ZtMAR8rb,,", , 17 / , 4 . - 3 .
« « », 18:00 3 10:00 4 , , , », «».
 .
 4 5 +18 +23 , « 24».
 , 4 , . +23 , +19 . - , 3 /.
 , 2 2026 , 360.ru.",,2026-07-07 04:15:26+00:00,wmo,Russia,ESB,Europe
ef394ba11aed272763a8e8f226abfa44,2026-07-02T17:35:13Z,Storm,гроза в Москве,lenta.ru,ru,0.8,"Ein Gewitter wird Moskau treffen. In der kommenden Nacht wird in Moskau und der Region Moskau ein Gewitter erwartet, berichtet TASS unter Berufung auf Prognostiker des Hydrometeorologischen Zentrums Russlands. Bewölkter Himmel mit Auflockerungen ist zu erwarten, stellenweise kann es zu Regen und Gewittern kommen, die Thermometer können bis zu plus 20 Grad anzeigen...",На Москву обрушится гроза,"Гроза ожидается предстоящей ночью в Москве и Подмосковье, сообщает ТАСС со ссылкой на синоптиков Гидрометцентра России. Ожидается облачность с прояснениями, местами пройдут кратковременный дождь и гроза, при этом столбики термометров могут показать до плюс 20…","A thunderstorm will hit Moscow. A thunderstorm is expected this coming night in Moscow and the Moscow region, TASS reports, citing forecasters from the Hydrometeorological Center of Russia. Cloudy skies with clearings are expected, intermittent rain and thunderstorms will occur in places, while the thermometers may show up to plus 20...","Tonitrua Moscuam feriet. Tonitruus exspectatur hac nocte venientem in regione Moscuae et in regione Moscuae, TASS refert, vatems citare ex Centro Hydrometeorologico Russiae. Serena caeli cum purgationibus expectantur, pluviae intermissae et tonitrua in locis occurrent, cum thermometri plus XX...",https://lenta.ru/news/2026/07/02/na-moskvu-obrushitsya-groza/,https://icdn.lenta.ru/images/2026/07/02/20/20260702203457940/share_497b062ef89f2add6ccfdad6fcaa3fb3.jpg,,", .
 , , 20 .
 , 3 , , . 26-28 25 30 . - 3-8 .
, 2 , . 31,5 . - .",,2026-07-08 11:57:14+00:00,wmo,Russia,ESB,Europe
ddca5381f3d6f6a359db65572d186a6e,2026-07-07T07:09:50Z,Storm,гроза Костромская область,www.youtube.com,ru,0.3,"Chodorkowski LIVE: ⚡️NEWS | AUSWIRKUNGEN AUF DIE GASLEITUNG. STARKES FEUER | Der Gouverneur hat kein Benzin mehr | QR-CODES AN TANKSTELLEN (07.07.2026). Aktuelle Nachrichten für Dienstagmorgen, 7. Juli. Großbrand in Belgorod. Bei russischen Angriffen in der Region Saporoschje wurden drei Menschen getötet und 28 verletzt. In einer anderen Region Russlands – der Region Nowosibirsk – wurden neue Beschränkungen für Benzin eingeführt. Und in Nischni Nowgorod...",Ходорковский LIVE: ⚡️НОВОСТИ | УДАР ПО ГАЗОПРОВОДУ. МОЩНЫЙ ПОЖАР | У ГУБЕРНАТОРА ЗАКОНЧИЛСЯ БЕНЗИН | QR-КОДЫ НА АЗС (2026-07-07),"Главные новости к утру вторника, 7 июля. Крупный пожар в Белгороде. Три человека погибли, 28 ранены в результате российских атак по Запорожской области. Новые ограничения на бензин ввели еще в одном регионе России — это Новосибирская область. А в Нижегородско…","Khodorkovsky LIVE: ⚡️NEWS | IMPACT ON THE GAS PIPELINE. POWERFUL FIRE | THE GOVERNOR IS OUT OF GASOLINE | QR CODES AT GAS STATIONS (2026-07-07). Breaking news for Tuesday morning, July 7th. Major fire in Belgorod. Three people were killed and 28 injured as a result of Russian attacks in the Zaporozhye region. New restrictions on gasoline were introduced in another region of Russia - the Novosibirsk region. And in Nizhny Novgorod...","Khodorkovsky LIVE: ⚡️NEWS | CONLISUS DE PIPELINE Gas. IGNIS | DOMINUS EX GASOLINE | QR CODES AT GAS STATIONS (2026-07-07). Nuntium praevaricationis ad Martis mane, die 7 mensis Iulii. Major ignis in Belgorod. Tres homines caesi sunt et XXVIII laesi propter impetus Russiae in regione Zaporozhye. Novae restrictiones gasolineae in alia regione Russiae - Novosibirsicae regionis introductae sunt. Et in Nizhny Novgorod...",https://www.youtube.com/supported_browsers?next_url=https://www.youtube.com/watch%3Fv%3D5ofAGhTNqj4,,,Your browser isnt supported anymore. Update it to get the best YouTube experience and our latest features. Learn more,,2026-07-09 04:11:51+00:00,wmo,Russia,ESB,Europe
315b34b3b49d2c042a2c650ae1b84077,2026-07-03T05:30:22Z,Thunderstorm,гроза в Москве,news.mail.ru,ru,0.8,"Der Wettervorhersager sprach über das Wetter für das Wochenende in Moskau. Tishkovets: Am Wochenende werden in Moskau Temperaturen bis plus 21 Grad, Regen und Gewitter erwartet.",Синоптик рассказал о погоде на выходные в Москве,"Тишковец: температура до плюс 21, дождь и гроза ожидаются в Москве на выходных.","The weather forecaster spoke about the weather for the weekend in Moscow. Tishkovets: temperature up to plus 21, rain and thunderstorms are expected in Moscow over the weekend.","Vatem tempestatis de tempestate in volutpat vestibulum Moscuae locutus est. Tishkovets: temperatura usque ad plus XXI, pluvia et tonitrua Moscuae super volutpat vestibulum expectata sunt.",https://news.mail.ru/society/71499138/,https://resizer.mail.ru/p/d8c924e1-4ef9-5881-bf20-74428aa4a289/AAAGal4AAQuULD0eC_KQPIb-hiDg2KrzCTCqEyB41zYnCYSjeVXtis1nIfv4LS2aYBouaLIfChiYOqnOraA7gaqfQnc.jpg,,",      16 — 19 ,     — 18 — 21 ,    .",,2026-07-11 07:19:59+00:00,wmo,Russia,ESB,Europe
816ab56e076ad3e437b93fab9363b97c,2026-07-09T20:46:07Z,Thunderstorm,гроза в Москве,life.ru,ru,0.8,"Verkehrsministerium: Gewitter und Regen in Moskau können Flugpläne beeinträchtigen. Nach Angaben des Verkehrsministeriums der Russischen Föderation sind aufgrund der vorhergesagten ungünstigen Wetterbedingungen (Regen, Gewitter) in der Region Moskau von Freitagnacht bis zum Ende des Wochenendes Anpassungen des Flugplans und deren Annullierungen möglich.",Минтранс: Гроза и ливень в Москве могут повлиять на расписание рейсов,"По информации Минтранса РФ, в связи с прогнозируемыми неблагоприятными погодными условиями (ливень, гроза) в Московском регионе с ночи пятницы до конца выходных возможны корректировки в расписании авиарейсов и их отмены.","Ministry of Transport: Thunderstorms and rain in Moscow may affect flight schedules. According to the Ministry of Transport of the Russian Federation, due to predicted unfavorable weather conditions (rain, thunderstorms) in the Moscow region from Friday night until the end of the weekend, adjustments to the flight schedule and their cancellations are possible.","Ministerium Transport: Tonitruum et pluviae Moscuae cedulas fugae afficere possunt. Secundum Ministerium Transportus Foederationis Russicae, propter condiciones tempestatum praedixit adversas (pluvia, tonitrua) in regione Moscuensi a nocte Veneris usque ad finem volutpat vestibulum, adaptationes ad cedulam fugae et earum cancellationes fieri possunt.",https://life.ru/p/1897921,https://static.life.ru/ip/unsafe/rs:fit:1200:/q:98/sh:0.5/czM6Ly9saWZlLXN0YXRpYy9wdWJsaWNhdGlvbnMvMjAyNS8xMS8xNS82NjUzOTUyNzYxNjMuNjIzMi5qcGVn.webp,,", (, ) .
« : , . , », .
 : . - - , .
, : , 10 , . 03:00 21:00 . 12:00 21:00 : , , 1520 /.
 « » Life.ru.",,2026-07-11 07:19:59+00:00,wmo,Russia,ESB,Europe
5277f094fadf222909e3e1086435bb2e,2026-07-08T08:41:46Z,Precipitation,осадки в россии,pogoda.mail.ru,ru,0.7,"Meteorologen sagten den Russen für Mittwoch Regen und Gewitter voraus. Gewitter werden den Fernen Osten und Sibirien nicht umgehen. Im europäischen Russland wird der Kampf zwischen Hitze und Kälte weitergehen, und im Süden werden die Niederschläge auf der Krim zunehmen",Синоптики пообещали россиянам в среду дожди и грозы,"Грозовые дожди не обойдут стороной Дальний Восток и Сибирь. В Европейской России продолжится борьба тепла и холода, а на юге осадки усилятся в Крыму","Forecasters promised Russians rain and thunderstorms on Wednesday. Thunderstorms will not bypass the Far East and Siberia. In European Russia the struggle between heat and cold will continue, and in the south precipitation will increase in Crimea","Vates Russi pluviam et tonitrua die Mercurii promiserunt. Tonitruum extremam Orientem et Sibiriam non praetereo. In Russia Europaea certamen permanebit inter calorem et frigus, et praecipitatio meridiana in Crimea crescet",https://pogoda.mail.ru/news/71555959/,https://resizer.mail.ru/p/0155a024-78df-58ac-9ce1-bfa0a70acd3d/AAAGI9fDObes2xihy2wwQjdS19dzwBXdx3iHcgO6Gg9syl2i4mUIpaG7fvzLVdAmNYFbLLuWZNle5dAx7YTfyF4Ck7k.jpg,,", 8 ,   ,   .    :    +28 °. ,  +21 °.
      .   .   — +25 °,   — +19 °,   — +24 °.
 -  +20 °,   — +21 °.   .  ,   ,    .",,2026-07-12 03:53:52+00:00,wmo,Russia,ESB,Europe
7162069778f42155f33e0893e25d3016,2026-07-12T10:39:30Z,Storm,шторм Ханты-Мансийский автономный округ,www.youtube.com,ru,0.3,"Chodorkowski LIVE: ⚡️NEWS | STURM UND ÜBERschwemmung IN MOSKAU | PUTINS FEIND STARB | ANGRIFF AUF RF-SCHIFFE | Raffinerie steht in Flammen. VIDEO (07.12.2026). Eilmeldung vom Sonntag, 12. Juli. Ungefähr 400 Drohnen der ukrainischen Streitkräfte haben heute Nacht Russland und die besetzten Gebiete der Ukraine angegriffen. In der Ölraffinerie in Syzran brach ein gewaltiger Brand aus. Wetterapokalypse in Moskau. Die Hauptstadt war in der Nacht zuvor von Regen, Hagel und Sturmböen bedeckt ...",Ходорковский LIVE: ⚡️НОВОСТИ | ШТОРМ И ПОТОП В МОСКВЕ | УМЕР ВРАГ ПУТИНА | АТАКА НА КОРАБЛИ РФ | НПЗ В ОГНЕ. ВИДЕО (2026-12-07),"Главные новости воскресенья, 12 июля. Около 400 беспилотников ВСУ атаковали Россию и оккупированные регионы Украины этой ночью. На НПЗ в Сызрани начался мощный пожар. Погодный апокалипсис в Москве. Столицу накануне вечером накрыл ливень с градом и шквалистым …","Khodorkovsky LIVE: ⚡️NEWS | STORM AND FLOOD IN MOSCOW | PUTIN'S ENEMY DIED | ATTACK ON RF SHIPS | REFINERY IS ON FIRE. VIDEO (2026-12-07). Breaking news for Sunday, July 12. About 400 Ukrainian Armed Forces drones attacked Russia and the occupied regions of Ukraine this night. A powerful fire started at the oil refinery in Syzran. Weather apocalypse in Moscow. The capital was covered in rain, hail and squalls the night before...","Khodorkovsky LIVE: ⚡️NEWS | TEMPESTAS ET DILUVIES IN MOSCOW | PUTIN'S INIMICUS MORTUUS EST | EXCURSUS ON RF CLASSIS | ACUMEN ARDET. VIDEO (2026-12-07). Nuntium ruptum pro Dominica XII. Iulii circiter 400 copiae armatae Ucrainae fuci Russiam oppugnaverunt et regiones Ucrainae hac nocte occupaverunt. Ignis potens in conflatorio olei in Syzran incepit. Tempestas Apocalypsis Moscuae. Caput erat pluviis, grando et nocte ante ...",https://www.youtube.com/supported_browsers?next_url=https://www.youtube.com/watch%3Fv%3Djas84qSd-jE,,,"Your browser isnt supported anymore. Update it to get the best YouTube experience and our latest features. Learn more
Remind me later",,2026-07-13 12:42:50+00:00,wmo,Russia,ESB,Europe
313623018c55287594766c819c5264ad,2026-07-01T07:39:00Z,Heat Wave,жара в москве,rg.ru,ru,0.7,"Die Prognostikerin Pozdnyakova sagte, wann in Moskau die Hitze enden und die Regenfälle beginnen würden. Die Hitze wird Moskau allmählich verlassen. In der Nacht zum Freitag und tagsüber ist mit zeitweisem Regen und gelegentlichen Gewittern zu rechnen. Dies berichtete die führende Spezialistin der Nachrichtenagentur Meteonovosti, Tatyana Pozdnyakova, gegenüber RT.","Синоптик Позднякова рассказала, когда закончится жара и начнутся дожди в Москве","Жара постепенно уйдет из Москвы. В ночь на пятницу и днем ожидаются кратковременные дожди, а местами и грозы. Об этом RT сообщила ведущий специалист информационного агентства ""Метеоновости"" Татьяна Позднякова.",Forecaster Pozdnyakova told when the heat will end and the rains will begin in Moscow. The heat will gradually leave Moscow. Intermittent rain and occasional thunderstorms are expected on Friday night and during the day. Leading specialist of the Meteonovosti news agency Tatyana Pozdnyakova reported this to RT.,Vatem Pozdnyakova indicavit cum calor finietur et imbres Moscuae incipient. Calor paulatim Moscuam relinquet. Pluviae intermissae et occasionales tonitribus exspectantur nocte Veneris et interdiu. Princeps specialist nuntiorum Meteonovosti procurationis Tatyana Pozdnyakova hoc RT nuntiavit.,https://rg.ru/2026/07/01/reg-cfo/sinoptik-pozdniakova-rasskazala-kogda-zakonchitsia-zhara-i-nachnutsia-dozhdi-v-moskve.html,https://cdnstatic.rg.ru/uploads/images/2026/07/01/3i6a6291_bbc_931.jpeg,,"- 18 20 , 25 27 . , , .
"" , "", - .
 15 16 , - 23 25 . - 15 , - 22 24 .
"" "", - , , 18 23 .",,2026-07-14 16:37:21+00:00,wmo,Russia,ESB,Europe
376f09a1a988e4ea4b5f2a080a4e2a7b,2026-07-02T08:28:35Z,Heat Wave,жара в москве,fishki.net,ru,0.7,"Mode, Hitze, einige Reaktionen auf den Beitrag: In Moskau wandte sich eine halbnackte Frau mit einer ungewöhnlichen Bitte an die Besucher eines Cafés ... und an Empörung. In dem Beitrag geht es eigentlich darum, dass nichts Neues unter der Sonne ist und dass Heuchelei eine unnötige und schädliche Sache ist – Die besten und interessantesten Nachrichten zum Thema: Moskau, Hitze, die Geschichte der Dinge auf dem Unterhaltungsportal Fishki.net","Мода, жара, некий ответ на пост: В Москве полуобнажённая женщина подошла к посетителям кафе с необычной просьбой... И возмущения","Пост на самом деле о том, что ни что не ново под луной, и что ханжество вещь не нужная и вредная – Самые лучшие и интересные новости по теме: Г. Москва, жара, история вещей на развлекательном портале Fishki.net","Fashion, heat, some response to the post: In Moscow, a half-naked woman approached visitors to a cafe with an unusual request... And outrage. The post is actually about the fact that nothing is new under the sun, and that hypocrisy is an unnecessary and harmful thing - The best and most interesting news on the topic: Moscow, heat, the history of things on the entertainment portal Fishki.net","Fashion, calor, aliquid responsioni posti: In Moscuae, mulier dimidia nuda, ad hospites casu accessit cum inusitata petitione... Et iniuria. Posta in actu est de eo quod nihil sub sole novum est, et quod hypocrisis sit superfluum et nocivum - The best and most interesting news on the topic: Moscoviae, caloris, historia rerum in convivio portae Fishki.net",https://fishki.net/5068078-moda-zhara-nekij-otvet-na-post-vnbspmoskve-poluobnazhyonnaja.html,https://cdn.fishki.net/upload/post/2026/07/02/5068078/cd990445eb1cc479fe64bb47314fb652.jpg,,"!!! . , . , , , .
! / . . .
! - , @moderator, , . - .
! . , .
! , . .
! . , ( - . ) . .",,2026-07-14 16:37:21+00:00,wmo,Russia,ESB,Europe
20192b94135e7f7e6441c6f79a0ee038,2026-07-07T05:05:22Z,Heat Wave,жара в москве,news.mail.ru,ru,0.7,"Bis zum Ende der Woche werden in Moskau wieder Temperaturen von bis zu plus 27 Grad herrschen. Die Lufttemperatur in Moskau wird am kommenden Freitag, 10. Juli, auf plus 27 Grad steigen. Dies teilte die Chefspezialistin des Wetteramtes der Hauptstadt, Tatjana Posdnjakowa, mit, schreibt RIA Nowosti.",Жара до плюс 27 градусов вернётся в Москву к концу недели,"Температура воздуха в Москве в ближайшую пятницу, 10 июля, поднимется до плюс 27 градусов. Об этом сообщила главный специалист столичного метеобюро Татьяна Позднякова, пишет РИА «Новости».","Heat up to plus 27 degrees will return to Moscow by the end of the week. The air temperature in Moscow next Friday, July 10, will rise to plus 27 degrees. This was reported by the chief specialist of the capital's weather bureau, Tatyana Pozdnyakova, writes RIA Novosti.","Calefacere usque ad plus 27 gradus, Moscuam revertitur a fine hebdomadis. Temperatura aeris in Moscuae proximo Veneris die 10 mensis Iulii ad plus 27 gradus surget. Hoc relatum est a praecipuo speciali tempestatem capitis hendrerit, Tatyana Pozdnyakova, scribit RIA Novosti.",https://news.mail.ru/society/71541302/,https://news.mail.ru/social_preview/71541302/?time=0e56dba47774d5ef7f2a086c5031c14b,,", 10 ,   27 .   , «».",,2026-07-14 16:37:21+00:00,wmo,Russia,ESB,Europe
1e6fed8d089eef4ea2858a781a158094,2026-07-13T05:24:27Z,Heat Wave,жара в москве,lenta.ru,ru,0.7,"Für die Moskauer wurden Temperaturrekorde vorhergesagt. Ende Juli ist in Moskau Rekordhitze möglich. Die führende Meteonovosti-Spezialistin Tatyana Pozdnyakova sagte neue Temperaturhöchstwerte für die Bewohner der Hauptstadt voraus, schreibt aif.ru",Москвичам предсказали температурные рекорды,"В конце июля в Москве возможна рекордная жара. Новые температурные максимумы предсказала жителям столицы ведущий специалист «Метеоновостей» Татьяна Позднякова, пишет aif.ru","Temperature records were predicted for Muscovites. At the end of July, record heat is possible in Moscow. Leading specialist of Meteonovosti Tatyana Pozdnyakova predicted new temperature maximums for residents of the capital, writes aif.ru","Temperatura monumenta Moscovitarum praedicta sunt. Sub finem mensis Iulii, caloris memoria Moscuae fieri potest. Artifex princeps Meteonovosti Tatyana Pozdnyakova praedixerat novum temperaturam maximums pro habitantibus capitis, scribit aif.ru",https://lenta.ru/news/2026/07/13/moskvicham-predskazali-temperaturnye-rekordy/,https://icdn.lenta.ru/images/2026/07/13/08/20260713082804186/share_a47be3f7ee76910b0d07fc0d3db407c0.jpg,,". «» , aif.ru.
 , . . , 18 19 , 27 .
 . « , , , 25-26 . 29-30 », .
 «» , .",,2026-07-14 16:37:21+00:00,wmo,Russia,ESB,Europe
9c156b4eb4e3dc87e43eea5367929be7,2026-07-02T06:25:00Z,Heat Wave,жара в москве,iz.ru,ru,0.7,"Der Wettervorhersager sagte für den 2. Juli den Höhepunkt der Hitze in Moskau voraus. Am Donnerstag wird die Hitze in Moskau Spitzentemperaturen von bis zu +31 Grad erreichen. Dies gab der führende Spezialist des Phobos-Wetterzentrums, Mikhail Leus, am 2. Juli bekannt. „Die synoptische Situation in der Hauptstadt wird den größten Teil des heutigen Tages vom warmen Sektor der aktiven Zyklen geprägt sein...",Синоптик спрогнозировал пиковую жару в Москве 2 июля,Жара в Москве выйдет на пиковые температурные значения до +31 градуса в четверг. Об этом 2 июля сообщил ведущий специалист центра погоды «Фобос» Михаил Леус.«Большую часть сегодняшнего дня синоптическую ситуацию в столице сформирует теплый сектор активного ци…,"The weather forecaster predicted peak heat in Moscow on July 2. The heat in Moscow will reach peak temperatures of up to +31 degrees on Thursday. Leading specialist at the Phobos weather center, Mikhail Leus, announced this on July 2. “For most of today, the synoptic situation in the capital will be formed by the warm sector of active cy...","Tempestas vatem praedixit apicem caloris Moscuae Kalendis Iulii 2. Calor Moscuae perveniet ad summum temperaturas usque ad +31 gradus die Iovis. Praecipuus artifex apud Phobos medius tempestatis, Mikhail Leus, hoc die 2 iulii annuntiavit “Plurimi huius temporis, synoptica condicio capitis in regione calidi cyprii agentis ... formabitur.",https://iz.ru/2125632/sinoptiki-sprognozirovali-pikovuiu-zharu-v-moskve-izi,http://cdn.iz.ru/sites/default/files/styles/900x506/public/news-2026-07/DK207136%20%281%29%20copy.jpg?itok=RQkoIE-r,,"+31 . 2 «» .
« , », Telegram-.
 , , 30- . +29 +31 , +27 +32 . 49 /. 743 . ., .
« , , », .
 , 3 , . . +18 +20 , +25+27 .
, «» 29 , , .",,2026-07-14 21:13:47+00:00,wmo,Russia,ESB,Europe
751c3115168fd91649a7991c37266216,2026-07-11T11:25:21Z,Heat Wave,жара в москве,news.mail.ru,ru,0.7,Das Ministerium für Notsituationen warnte die Moskauer vor extremer Hitze. Ministerium für Notsituationen: In Moskau wird die Hitze am Samstagnachmittag mancherorts voraussichtlich 31 Grad erreichen.,МЧС предупредило москвичей о сильной жаре,МЧС: в Москве днем в субботу местами ожидается жара до 31 градуса.,The Ministry of Emergency Situations warned Muscovites about extreme heat. Ministry of Emergency Situations: in Moscow on Saturday afternoon the heat is expected to reach 31 degrees in some places.,Ministerium casus tumultuarios monuit Moscovitas de calore maximo. Ministerium necessitatis condicionum: in Moscuae die Sabbati post meridiem calor 31 gradus in aliquibus locis assequi expectat.,https://news.mail.ru/society/71598077/,https://resizer.mail.ru/p/de867bca-7761-541d-a99a-540ddf1ddc7b/AAAGFSvHYnntlBkOkkYTdL6Y_xU0hgFbekCfBfWmbhXBElYdILPggeEg8Sf2xpK5fIOEpyc9_sgF90rPjQHjq62b7WA.jpg,,"«   12  17 11    30−31°», —     «».",,2026-07-14 21:13:47+00:00,wmo,Russia,ESB,Europe
4b0adf9bce89725e48382afaad830d25,2026-07-02T12:06:00Z,Storm,гроза в Москве,www.interfax.ru,ru,0.8,"Das Wetter in Moskau und im Zentralrussland wird sich am Wochenende stark verschlechtern. In den Regionen des Zentralen Föderationskreises, einschließlich Moskau, wird sich das Wetter vom 4. bis 6. Juli stark verschlechtern, es werden Regen, Gewitter, Hagel und verstärkter Wind erwartet",В Москве и ЦФО в выходные резко ухудшится погода,"В регионах Центрального федерального округа, в том числе в Москве, с 4 по 6 июля резко ухудшится погода, ожидаются дождь, гроза, град и усиление ветра","The weather in Moscow and the Central Federal District will worsen sharply over the weekend. In the regions of the Central Federal District, including Moscow, the weather will worsen sharply from July 4 to July 6, rain, thunderstorms, hail and increased wind are expected","Tempestas Moscuae et Districtus Foederalis Centralis in volutpat vestibulum acrius ingravescit. In regionibus Districtus Foederalis Centralis, incluso Moscuae, tempestas ab Iulio ad diem 6 Iulii ad diem 6 Iulii graviter ingravescet, pluviae, tonitrua, grandines et venti aucti exspectantur.",https://www.interfax.ru/moscow/1099770,https://www.interfax.ru/aspimg/1099770.jpg,,". 2 . INTERFAX.RU - , , 4 6 , , , , .
"" 4-6 - - . , , , 15-18 /"", - .
 4 , 5 - , 6 - - .
 4 - , 4 5 - . 15 /.
 4 , , , 15 - 17. , , , 21 - 23. 15 /.
5 , 15 - 17, , , 19 - 21, 15 /.",,2026-07-15 07:23:52+00:00,wmo,Russia,ESB,Europe
ca552ae43d83702886d01639709c7575,2026-07-04T08:21:00Z,Storm,гроза в Москве,www.interfax.ru,ru,0.8,"Die Bewohner der Hauptstadt wurden am Samstag vor einem Gewitter gewarnt. Der städtische Dienstleistungskomplex der Hauptstadt warnt vor Regen und Gewittern, die am Samstag tagsüber in Moskau erwartet werden. „Laut Prognostikern wird am 4. Juli von 12:00 bis 21:00 Uhr stellenweise heftiger Regen, in einigen Gebieten Regenguss, Gewitter und Hagel erwartet.",Жителей столицы предупредили о грозе в субботу,"Столичный комплекс городского хозяйства предупреждает о ливне и грозе, которые ожидаются в Москве в субботу в течение дня.""По прогнозам синоптиков, с 12:00 и до 21:00 4 июля в столице ожидаются дождь, местами сильный, ливень, в отдельных районах гроза, град.","Residents of the capital were warned about a thunderstorm on Saturday. The capital's urban services complex warns of rain and thunderstorms expected in Moscow on Saturday during the day. ""According to forecasters, from 12:00 to 21:00 on July 4, rain, heavy in places, downpour, thunderstorm and hail are expected in some areas.","Residentes capitis moniti sunt die Sabbati de tonitribus. Officia urbana capitalia iuncta monet pluvias et tonitrua quae Moscuae die Sabbati interdiu expectat. ""Secundum forecasters, a 12:00 ad 21:00 die 4 mensis Iulii, pluviae, in locis gravia, imbres, procellae et grando in nonnullis locis exspectantur.",https://www.interfax.ru/moscow/1101150,https://www.interfax.ru/aspimg/1101150.jpg,,". 4 . INTERFAX.RU - , .
"" , 12:00 21:00 4 , , , , . 17 /"", - .
 : .",,2026-07-15 07:23:52+00:00,wmo,Russia,ESB,Europe
4f5e5c7613f1736958459c54fcae5711,2026-07-09T05:17:00Z,Storm,гроза в Москве,www.interfax.ru,ru,0.8,"In Moskau werden Regen, Gewitter und starke Winde erwartet. Das Moskauer Verkehrsministerium warnte, dass für die Stadt Regen und Gewitter vorhergesagt seien. , da für Donnerstag in Moskau Regen, Gewitter und starker Wind vorhergesagt werden. „Heute werden stellenweise Regen, Gewitter und starker Wind in der Stadt erwartet.","В Москве ожидается дождь, гроза и сильный ветер","Департамент транспорта Москвы предупредил, что в городе прогнозируется дождь и гроза. , так как в четверг в Москве прогнозируются дождь, гроза и сильный ветер.""Сегодня в городе местами ожидаются дождь, гроза и сильный ветер.","Rain, thunderstorms and strong winds are expected in Moscow. The Moscow Department of Transport warned that rain and thunderstorms were forecast for the city. , as rain, thunderstorm and strong wind are forecast in Moscow on Thursday.""Rain, thunderstorm and strong wind are expected in places in the city today.","Pluviae, tonitrua et venti validi Moscuae exspectantur. Department of Transport Moscuae monuit pluvias et tonitrua urbi futura esse. ut pluvia, tonitrua et venti validi Moscuae die Iovis praenuntientur. ""Imber, procellae et venti vehemens in locis urbis hodie exspectantur.",https://www.interfax.ru/moscow/1102177,https://www.interfax.ru/aspimg/1102177.jpg,,"Copyright © 1991—2026 Interfax. . ""."".  77 - 84928 , () 21.03.2023. , -, / - , .Interfax.ru ( ) cookie. , cookie.: , 127006, , 1- - , 2, .1, .: +7 (499) 250-98-40, : +7 (499) 250-97-27",,2026-07-15 07:23:52+00:00,wmo,Russia,ESB,Europe
62234e2fa0f6f99b2177644e8342d5c2,2026-07-10T13:30:03Z,Storm,гроза в Москве,iz.ru,ru,0.8,"SberStrakhovanie gab Ratschläge zum Verhalten bei zu erwartendem schlechtem Wetter in Moskau. In Moskau und der Region Moskau werden am 10. Juli Gewitter, Hagel und Starkregen erwartet, die von heftigen Windböen mit bis zu 20 m pro Sekunde begleitet werden. Unter solchen Bedingungen ist die Hauptgefahr nicht so sehr der Regen selbst, sondern herumfliegende Trümmer, umstürzende Bäume, Blitze und Reis …",В «СберСтраховании» дали советы по поведению при ожидаемой в Москве непогоде,"В Москве и Московской области 10 июля ожидаются гроза, град и сильный ливень, который будет сопровождаться шквалистым ветром до 20 м в секунду. В таких условиях главная опасность — не столько сам дождь, сколько летающие обломки, падающие деревья, молнии и рис…","SberStrakhovanie gave advice on behavior in case of bad weather expected in Moscow. In Moscow and the Moscow region, thunderstorms, hail and heavy rain are expected on July 10, which will be accompanied by squally winds of up to 20 m per second. In such conditions, the main danger is not so much the rain itself, but flying debris, falling trees, lightning and rice...","SberStrakhovanie consilium de moribus dedit in casu tempestatis tempestatis Moscuae expectatae. In Moscow and the Moscow region, thunderstorms, hail and heavy rain are expected on July 10, which will be accompanied by squally winds of up to 20 m per second. His conditionibus, maximum periculum non tam pluviae, sed strages volantes, arbores cadentes, fulgura et oryzae...",https://iz.ru/2130408/2026-07-10/v-sberstrakhovanii-dali-sovety-po-povedeniiu-pri-ozhidaemoi-v-moskve-nepogode,http://cdn.iz.ru/sites/default/files/styles/900x506/public/news-2026-07/_KKP8746%20copy.jpg?itok=SGUgUJQ6,,"10 , , 20 . , , , . «» «» .
, , . , . , . , .
 . , . , , , .
« . , . , , , », .
, , . ., .
« . , . 112 101», .
 , , . , , , . - . , , . , .
 « », «», 11 12 . , , +19 +25 . .",,2026-07-15 07:23:52+00:00,wmo,Russia,ESB,Europe
d580ff9c1aa1317337456a27196899eb,2026-07-10T15:16:07Z,Thunderstorm,гроза в Москве,news.mail.ru,ru,0.8,"Die Moskauer wurden am Wochenende aufgefordert, bei schlechtem Wetter draußen vorsichtig zu sein. Prognostiker Tishkovets: Am Wochenende werden in Moskau Regen, Gewitter und Hagel erwartet.",Москвичей призвали быть внимательными на улице в непогоду на выходных,"Синоптик Тишковец: на выходных в Москве ожидается ливень, гроза и град.","Muscovites were urged to be careful outside in bad weather over the weekend. Forecaster Tishkovets: rain, thunderstorm and hail are expected in Moscow over the weekend.","Moscovitis hortatus est ut in tempestatibus extra volutpat vestibulum caveret. Vatem Tishkovets: pluvia, tonitrua et grando Moscuae super volutpat vestibulum expectata sunt.",https://news.mail.ru/society/71591748/,https://resizer.mail.ru/p/d14f9658-e045-5d8e-ae58-1069b8a7383e/AAAGB54UAk69cTPXxox2zJhYR9WTqhIQPzZ0FOJziXJWRuBswrPHoZOylVBiTy38wCOABkEYpM_sEw-4cXtUgQLqnHk.jpg,,"«  , 11  12    , . 11  ,  15−20  .    :        », —       «».",,2026-07-15 07:23:52+00:00,wmo,Russia,ESB,Europe
8eae33ee971e4c60841809559ae54ef9,2026-07-11T06:33:10Z,Storm,гроза в Москве,news.mail.ru,ru,0.8,"Die Moskauer wurden am Samstag vor Gewittern und Hagel gewarnt. Prognostiker Leus: Am Samstag werden in Moskau Regen, Gewitter und Hagel erwartet.",Москвичей предупредили о грозе и граде в субботу,"Синоптик Леус: в Москве в субботу ожидаются дождь, гроза и град.","Muscovites were warned about thunderstorms and hail on Saturday. Forecaster Leus: rain, thunderstorm and hail are expected in Moscow on Saturday.","Moscovitae de tonitribus et grandine die Sabbati moniti sunt. Vatem Leus: pluvia, tonitrua et grando Moscuae die Saturni exspectantur.",https://news.mail.ru/society/71595938/,https://resizer.mail.ru/p/9c1cfafb-02aa-5888-9cd8-5b282f31c580/AAAGrefgukUR99MvdugwkTuK_U-RlA5Fs7TAVQeh3mlOkr3J3hYs80zQAxImndYnaH16x_PWr6ngH7S8n0-jR9pSejw.jpg,,"«   24 — 26,   — 22 — 27 », —  .",,2026-07-15 07:23:52+00:00,wmo,Russia,ESB,Europe
78d770852e22d6e1f498c9cedfe3cb49,2026-07-12T17:20:18Z,Storm,гроза в Москве,pogoda.mail.ru,ru,0.8,"Die Moskauer wurden am Montag vor Regen und Gewittern gewarnt. Am Montag werden in Moskau heftiger Regen, Gewitter, Hagel und Wind mit Böen von bis zu 13-18 Metern pro Sekunde vorhergesagt. Der städtische Dienstleistungskomplex der Hauptstadt warnte davor.",Москвичей предупредили о дожде с грозой в понедельник,"В понедельник в Москве прогнозируются сильный дождь, гроза, град и ветер с порывами до 13−18 метров в секунду. Об этом предупредил столичный комплекс городского хозяйства.","Muscovites were warned of rain and thunderstorms on Monday. On Monday in Moscow, heavy rain, thunderstorm, hail and wind with gusts of up to 13-18 meters per second are forecast. The capital's urban services complex warned about this.","Moscovitae monitae sunt de pluviis et procellis die Lunae. Die Lunae in Moscuae pluviae, tonitrui, grando et venti cum procellis usque ad 13-18 metra per secundam praesagiunt. Officia urbana capitalia de hoc complexu monuerunt.",https://pogoda.mail.ru/news/71607322/,https://resizer.mail.ru/p/f21c9834-a0ec-5d16-9c5e-c285ef9c50f4/AAAGQm8cewo4aBHzs4aPrbHMrPdCOZPYAG2c_4CBMz1NbyXb9Nq7MHsdORfLj-MUyeFC3WUQKbptTYVZcEBquoqr4Qc.jpg,,"«  ,  00.00  21.00 13    , ,   , .    13−18  », —       «».",,2026-07-15 07:23:52+00:00,wmo,Russia,ESB,Europe
8bad9a4d2a7528a09641863b8b7c9052,2026-07-14T05:15:38Z,Storm,гроза в Москве,lenta.ru,ru,0.8,"Ein Gewitter wird über Moskau kommen. Am Dienstag, 14. Juli, werden in Moskau Gewitter und heißes Wetter erwartet. Das berichteten Spezialisten des Hydrometeorologischen Zentrums, die Prognose wurde auf der Website der Organisation veröffentlicht",В Москву придет гроза,"Во вторник, 14 июля, в Москве ожидается гроза и жаркая погода. Об этом сообщили специалисты Гидрометцентра, прогноз опубликован на сайте организации","A thunderstorm will come to Moscow. On Tuesday, July 14, thunderstorms and hot weather are expected in Moscow. This was reported by specialists from the Hydrometeorological Center, the forecast was published on the organization’s website","Tonitrua Moscuam veniet. Die Martis, die 14 mensis Iulii, tonitruum et aestus Moscuae expectatur. Hoc relatum est a peritis ab Centre Hydrometeorologico, praenuntiatio divulgata est in Institutis's website",https://lenta.ru/news/2026/07/14/v-moskvu-pridet-groza/,https://icdn.lenta.ru/images/2026/07/14/08/20260714081236852/share_32c65351f0218d2aa775a6c8f9f2305a.jpg,,", 14 , . , .
 . , . 24- 26 . 744 , 6-11 15 .
 , . , , .",,2026-07-15 07:23:52+00:00,wmo,Russia,ESB,Europe
25b01903a6330b08e1b4d333f77e78b7,2026-07-10T15:00:00Z,Thunderstorm,гроза в россии,rg.ru,ru,0.7,"Die Wettergefahrenstufe in der Region Moskau wurde auf Orange angehoben. In der Hauptstadtregion wurde die Wettergefahrenstufe von Gelb auf Orange angehoben. Der Grund dafür ist nach Angaben des Hydrometeorologischen Zentrums Russlands ein in der ersten Nachthälfte des 11. Juli vorhergesagtes Gewitter mit starkem Regen, Hagel und einem Sturm von bis zu 25 m/s.",Уровень погодной опасности в Московском регионе повысили до оранжевого,"В столичном регионе уровень погодной опасности повышен с желтого до оранжевого, причина - прогнозируемая в первой половине ночи 11 июля гроза с сильным ливнем, градом и шквалом до 25 м/с, следует из данных Гидрометцентра России .","The weather danger level in the Moscow region has been raised to orange. In the capital region, the weather danger level has been increased from yellow to orange, the reason is a thunderstorm predicted in the first half of the night on July 11 with heavy rain, hail and a squall of up to 25 m/s, according to data from the Hydrometeorological Center of Russia.","Tempestatis periculum gradu in regione Moscuae ad orange evectus est. In regione capitis, periculum tempestatis e flavis in aurantiaco auctum est, ratio tonitrui praedictum est in prima media nocte die 11 mensis Iulii cum pluvia, grandine et procellis usque ad 25 m/s, secundum notitias ab Centro Hydrometeorologico Russiae.",https://rg.ru/2026/07/10/reg-cfo/uroven-pogodnoj-opasnosti-v-moskovskom-regione-povysili-do-oranzhevogo.html,https://cdnstatic.rg.ru/images/rg-social-dummy-logo-650x360.jpg,,"10 11 , . 25 /, .
 00 11 .
 , 21 11 .
, 15:00 .",,2026-07-15 21:14:04+00:00,wmo,Russia,ESB,Europe
18d52e68b3547c3520f07a993b8b30aa,2026-07-10T17:06:39Z,Thunderstorm,гроза в россии,lenta.ru,ru,0.7,"„The Night Witch“ wurde in Russland präsentiert. Die Groza Group of Companies (GK) präsentierte den Hexacopter Night Witch auf der Drone Expo 2026, einer Ausstellung für unbemannte Systeme in Kasan. Die Flugreichweite beträgt bis zu 20 Kilometer, sagte ein Vertreter von Groza gegenüber TASS",В России представили «Ночную ведьму»,"Группа компаний (ГК) «Гроза» представила гексакоптер «Ночная ведьма» на выставке беспилотных систем «Дрон экспо-2026» в Казани. Дальность полета составляет до 20 километров, рассказал представитель «Грозы» ТАСС","“The Night Witch” was presented in Russia. The Groza Group of Companies (GK) presented the Night Witch hexacopter at the Drone Expo 2026 exhibition of unmanned systems in Kazan. The flight range is up to 20 kilometers, a Groza representative told TASS","""Nox Witch"" in Russia praesentabatur. Groza Coetus Sociarum (GK) Noctem Witch hexacoprum apud Drone Expo 2026 exhibitum exhibebat rationum inanibus in Kazan. Spatium fugae usque ad viginti chiliometrorum est, repraesentativum Groza TASS . indicavit",https://lenta.ru/news/2026/07/10/v-rossii-predstavili-nochnuyu-vedmu/,https://icdn.lenta.ru/images/2026/07/10/15/20260710154212012/share_f64bec5a157ecd01c403b1b4513b6d9b.jpg,,"() «» « » « -2026» . 20 , «» .
 . « » . 15 . , 20 .
« . 20 , 45 », .
, «-20». 13 20- .",,2026-07-15 21:14:04+00:00,wmo,Russia,ESB,Europe
e72e9464494770373bc6b85d7d7479ed,2026-07-13T04:51:01Z,Storm,гроза в Москве,lenta.ru,ru,0.8,"Die Moskauer wurden vor Regen und Gewittern gewarnt. Am Montag, 13. Juli, werden in Moskau kurze Regenfälle erwartet. In einigen Gebieten sei ein Gewitter möglich, warnten Wettervorhersager des Hydrometeorologischen Zentrums Russlands die Bewohner der Hauptstadt.",Москвичей предупредили о дождях с грозой,"В понедельник, 13 июля, в Москве ожидаются кратковременные дожди. В отдельных районах возможна гроза, предупредили жителей столицы синоптики Гидрометцентра России","Muscovites were warned about rain and thunderstorms. On Monday, July 13, short rains are expected in Moscow. A thunderstorm is possible in some areas, weather forecasters from the Hydrometeorological Center of Russia warned residents of the capital.","Moscovitae de pluvia et tonitribus moniti sunt. Die Lunae, mensis Iulii XIII, breves pluviae Moscuae exspectantur. Tonitruum fieri potest in nonnullis locis, praenuntia tempestatum ab Centrum Hydrometeorologico Russiae incolas capitis monuit.",https://lenta.ru/news/2026/07/13/moskvichey-predupredili-o-dozhdyah-s-grozoy/,https://icdn.lenta.ru/images/2026/07/13/07/20260713075208578/share_8b7434f3ee70d14f0fdb6928db40c2f1.jpg,,", 13 , . , .
 20-22 . , 14 , 18 . 19-24 18 .
 5-10 . 13-18 .
 «» , . , . , , , .",,2026-07-15 21:14:04+00:00,wmo,Russia,ESB,Europe
776d38b23ad478bc449586bfef69ee1d,2026-07-12T03:30:00Z,Storm,шторм в Эстонии,iz.ru,ru,0.8,"Aufgrund des Sturms blieben in Estland mehr als 8.000 Haushalte ohne Strom. Mehr als 8.000 Haushalte in Estland waren infolge des Sturms, der das Land heimsuchte, ohne Strom. Dies berichtete der Fernseh- und Radiosender ERR am 11. Juli unter Berufung auf den Energienetzbetreiber Elektrilevi. „Am Samstag wurde Estland von einem Sturm heimgesucht, in dessen Folge laut...",Более 8 тыс. домохозяйств остались без электричества в Эстонии из-за шторма,"Более 8 тыс. домохозяйств остались без света в Эстонии в результате обрушившегося на страну шторма. Об этом 11 июля сообщает телерадиокомпания ERR со ссылкой на оператора энергосетей Elektrilevi.«В субботу Эстонию накрыл шторм, в результате которого, согласно…","More than 8 thousand households were left without electricity in Estonia due to the storm. More than 8 thousand households were left without electricity in Estonia as a result of the storm that hit the country. This was reported on July 11 by the ERR television and radio company, citing energy network operator Elektrilevi. “On Saturday, Estonia was hit by a storm, as a result of which, according to...","Plus quam VIII milia familiarum sine electricitate in Estonia ob tempestatem relictae erant. Plus quam VIII milia familiarum in Estonia sine electricitate relicti sunt propter vim tempestatis quae patriam attingit. Hoc relatum est die 11 mensis Iulii ab ERR televisificis et societatis radiophonicis, adhibitis energiae retis operator Elektrilevi. ""Sabbato Estonia tempestate percussa est, qua ex causa, ut auctor est...",https://iz.ru/2131110/2026-07-12/bolee-8-tys-domokhoziaistv-ostalis-bez-elektrichestva-v-estonii-iz-za-shtorma,http://cdn.iz.ru/sites/default/files/styles/900x506/public/news-2026-07/KE207063%20copy.jpg?itok=ONTW_qZj,,"8 . . 11 ERR Elektrilevi.
« , , Elektrilevi, 8 . », .
, - - . , .
 9 , . , , .",,2026-07-17 07:29:10+00:00,wmo,Estonia,NEU,Europe
f9f52a5783dafbf31a30429582f87f52,2026-07-15T16:32:27Z,Thunderstorm,град Краснодарский край,news.mail.ru,ru,0.8,"Pflaumengroßer Hagel bedeckte die Region Krasnodar. Am Mittwoch, dem 15. Juli, traf ein starker Hagel in der Größe einer reifen Pflaume die Region Krasnodar. Zuvor war in der Region eine Sturmwarnung ausgegeben worden. Den Einwohnern von Krasnodar wurden heftige Regenfälle versprochen, die sich in Überschwemmungen, Gewitter und Wind mit Böen verwandeln, deren Geschwindigkeit ...",Град размером со сливу накрыл Краснодарский край,"Мощный град сопоставимый по размеру с плодом спелой сливы в среду, 15 июля, обрушился на Краснодарский край. Ранее в регионе объявили в штормовое предупреждение. Краснодарцам обещали мощные ливни, переходящие в потопы, грозу и ветер с порывами, скорость котор…","Hail the size of a plum covered the Krasnodar region. A powerful hail comparable in size to a ripe plum struck the Krasnodar region on Wednesday, July 15. Earlier, a storm warning was issued in the region. Krasnodar residents were promised powerful downpours turning into floods, thunderstorms and wind with gusts, the speed of which...","Grando magnitudo pruni regionem Krasnodar obtexit. Grando valida magnitudine comparata ad plum maturam regionem Krasnodar percussit die Mercurii, mensis Iulii. Antea tempestas denuntiata est in regione. Krasnodar incolas promiserunt potentes imbres in inundationes, procellas et ventos cum procellis, quarum celeritas.",https://news.mail.ru/society/71646172/,https://news.mail.ru/social_preview/71646172/?time=6a90ebb19a48bb927ef5a386a9ba7c20,,",          , 17  18 . ,     20−25 ,    8−13 .       9  14 .",,2026-07-20 12:26:52+00:00,wmo,Russia,ESB,Europe
5605d5f6b33ad20fa6e58bac1b79e859,2026-07-16T15:41:17Z,Flood,паводок Свердловская область,meduza.io,ru,0.8,"In der Region Swerdlowsk kommt es aufgrund dreiwöchiger Regenfälle zu Überschwemmungen. In Jekaterinburg gab es einen Sturm, Bäume wurden umgeworfen und 49 Ampeln gingen kaputt. Fotos. Die Region Swerdlowsk leidet unter den Folgen heftiger Regenfälle, die seit Ende Juni andauern. Mehr als 400 Privathäuser und 1.700 Privatgrundstücke wurden überflutet. Aufgrund des Hochwassers war es notwendig, den Verkehr auf einigen Straßen, darunter auch auf dem Bundesabschnitt, zu sperren.","Свердловская область переживает паводок из-за трех недель дождей. В Екатеринбурге прошел шторм, повалены деревья, сломаны 49 светофоров. Фотографии","Свердловская область переживает последствия ливней, которые продолжаются с конца июня. Больше 400 частных домов и 1700 приусадебных участков оказались затоплены. Из-за паводка пришлось перекрывать проезд по некоторым дорогам, в том числе по участку федерально…","The Sverdlovsk region is experiencing floods due to three weeks of rain. There was a storm in Yekaterinburg, trees were knocked down, and 49 traffic lights were broken. Photos. The Sverdlovsk region is experiencing the consequences of heavy rains that have been continuing since the end of June. More than 400 private houses and 1,700 personal plots were flooded. Due to the flood, it was necessary to block travel on some roads, including the federal section...","Regio Sverdlovsk inundationes experitur propter tres septimanas pluviae. Tempestas in Yekaterinburg facta est, arbores deiectae sunt, et 49 luminaria negotiationis fracta sunt. Imagines. Regio Sverdlovsca in gravibus imbribus consecutiones experitur quae post finem Iunii continuatae sunt. Plus quam 400 domus privatae et mille 700 personales insidiae inundatae sunt. Ob diluvium necessarium fuit iter aliquibus viae obsistere, sectione foederata incluso.",https://meduza.io/feature/2026/07/16/sverdlovskaya-oblast-perezhivaet-pavodok-iz-za-treh-nedel-dozhdey-v-ekaterinburge-proshel-shtorm-povaleny-derevya-slomany-49-svetoforov,https://meduza.io/imgly/share/1784216477/feature/2026/07/16/sverdlovskaya-oblast-perezhivaet-pavodok-iz-za-treh-nedel-dozhdey-v-ekaterinburge-proshel-shtorm-povaleny-derevya-slomany-49-svetoforov,http://web.archive.org/web/20260716191813/https://meduza.io/feature/2026/07/16/sverdlovskaya-oblast-perezhivaet-pavodok-iz-za-treh-nedel-dozhdey-v-ekaterinburge-proshel-shtorm-povaleny-derevya-slomany-49-svetoforov,",   . 400  1700 . -   ,       . 15     .     ,   ,   49 . «» .",,2026-07-21 03:42:49+00:00,wmo,Russia,ESB,Europe
db87efa7584d3f1d4aa181e4c1b67446,2026-07-15T18:08:31Z,Thunderstorm,град Краснодарский край,lenta.ru,ru,0.8,Die russische Region wurde von pflaumengroßem Hagel heimgesucht. Die Region Krasnodar wurde von Unwettern mit großem Hagel heimgesucht. Der Telegram-Kanal Moskau 24 wurde auf schlechtes Wetter in der russischen Region aufmerksam.,Российский регион накрыл град размером со сливу,Краснодарский край накрыла непогода с крупным градом. О ненастье в российском регионе стало известно Telegram-каналу «Москва 24»,The Russian region was hit by hail the size of a plum. The Krasnodar region was hit by bad weather with large hail. The Moscow 24 Telegram channel became aware of bad weather in the Russian region.,Russica regio grandine magnitudine pruni percussa est. Regio Krasnodar tempestatibus magna grandine ictus est. Moscuae 24 alveum Telegram sensit tempestatum tempestatum in regione Russiae.,https://lenta.ru/news/2026/07/15/rossiyskiy-region-nakryl-grad-razmerom-so-slivu/,https://icdn.lenta.ru/images/2026/07/15/20/20260715205030983/share_1076bccd2a802fbb5b1823809ed6ec1b.jpg,,". Telegram- « 24».
 , , . , .
 , , 15 , . , . , .",,2026-07-21 12:00:19+00:00,wmo,Russia,ESB,Europe
b7fb995e678dfe04012d7d0e4a9bcd82,2026-07-16T00:13:59Z,Thunderstorm,град Краснодарский край,life.ru,ru,0.8,"In der Region Krasnodar fiel pflaumengroßer Hagel. Schwerer Hagel traf die Region Krasnodar, einzelne Stücke erreichten die Größe einer großen Pflaume. Auf dem Telegram-Kanal Moskau 24 erschienen Aufnahmen über die Folgen des schlechten Wetters.",В Краснодарском крае выпал град размером со сливу,"На Краснодарский край обрушился сильный град, отдельные куски достигали размеров крупной сливы. Кадры с последствиями непогоды появились в Telegram-канале «Москва 24».","In the Krasnodar region, hail the size of a plum fell. Heavy hail hit the Krasnodar region, individual pieces reached the size of a large plum. Footage of the consequences of bad weather appeared on the Moscow 24 Telegram channel.","In regione Krasnodar, grando pruni magnitudo cecidit. Grando gravis in regione Krasnodar percussa, singula membra ad magnitudinem pruni magni pervenerunt. Footage consequentium tempestatum malarum apparuit in alveo Telegram Moscuae 24 .",https://life.ru/p/1900337,https://static.life.ru/ip/unsafe/rs:fit:1200:/q:98/sh:0.5/czM6Ly9saWZlLXN0YXRpYy9wdWJsaWNhdGlvbnMvMjAyNi83LzE2LzkzMjc5ODIxODM5My43MTkyLmpwZw==.webp,,", . Telegram- « 24». 
 . © Telegram / 24
, . , . , . 
 Life.ru , . , , . . , 25 . , .
 «» Life.ru.",,2026-07-21 12:00:19+00:00,wmo,Russia,ESB,Europe
8c85633594174d3ed19ddf497b58cb4b,2026-07-16T00:16:06Z,Thunderstorm,град Краснодарский край,news.mail.ru,ru,0.8,"In der Region Krasnodar fiel pflaumengroßer Hagel. Schwerer Hagel traf die Region Krasnodar, einzelne Stücke erreichten die Größe einer großen Pflaume. Auf dem Telegram-Kanal Moskau 24 erschienen Aufnahmen über die Folgen des schlechten Wetters.",В Краснодарском крае выпал град размером со сливу,"На Краснодарский край обрушился сильный град, отдельные куски достигали размеров крупной сливы. Кадры с последствиями непогоды появились в Telegram-канале «Москва 24».","In the Krasnodar region, hail the size of a plum fell. Heavy hail hit the Krasnodar region, individual pieces reached the size of a large plum. Footage of the consequences of bad weather appeared on the Moscow 24 Telegram channel.","In regione Krasnodar, grando pruni magnitudo cecidit. Grando gravis in regione Krasnodar percussa, singula membra ad magnitudinem pruni magni pervenerunt. Footage consequentium tempestatum malarum apparuit in alveo Telegram Moscuae 24 .",https://news.mail.ru/society/71648597/,https://resizer.mail.ru/p/304830c6-2110-5ebf-a09c-c9d51ace1e6d/AAAG5O1T5Rz5R7-auWalXwx3_rfgnX5LTbooD-qg8L8ITUU6Efh7V8Ys2DM9C-XGIUB7sW5Fu7_JmwGjTSDzh32SYpQ.jpg,,"Life.ru ,     .   ,   ,   . .   , 25    . ,   .",,2026-07-21 12:00:19+00:00,wmo,Russia,ESB,Europe
52925b78b43211212398a511b2e0a88d,2026-07-16T17:06:42Z,Flood,наводнение россии,www.youtube.com,ru,0.7,"Chodorkowski LIVE: ⚡️NEWS | POLIZEI-RASEN IN MOSKAU | Überschwemmungen in Russland | ARGENTINIEN IM FINALE | Lauter Rücktritt (07.16.2026). Die wichtigsten Nachrichten für den Morgen des 16. Juli:
— Die argentinische Nationalmannschaft erreichte das Finale der FIFA-Weltmeisterschaft und besiegte England mit 2:1. Die Begründer des Fußballs führten 5 Minuten vor Ende der regulären Spielzeit mit 1:0, aber Messi lieferte zwei Vorlagen und Argentinien schnappte sich den Sieg ...",Ходорковский LIVE: ⚡️НОВОСТИ | БЕСПРЕДЕЛ ПОЛИЦИИ В МОСКВЕ | НАВОДНЕНИЕ В РОССИИ | АРГЕНТИНА В ФИНАЛЕ | ГРОМКАЯ ОТСТАВКА (2026-16-07),"Главные новости к утру 16 июля:
— Сборная Аргентины вышла в финал чемпионата мира по футболу, обыграв Англию со счетом 2:1. Родоначальники футбола вели 1:0 за 5 минут до конца основного времени, но Месси сделал две голевых передачи, и Аргентина вырвала победу…","Khodorkovsky LIVE: ⚡️NEWS | POLICE LAWNESS IN MOSCOW | FLOODING IN RUSSIA | ARGENTINA IN THE FINAL | LOUD RESIGNATION (2026-16-07). The main news for the morning of July 16:
— The Argentina national team reached the final of the FIFA World Cup, beating England with a score of 2:1. The founders of football were leading 1:0 5 minutes before the end of normal time, but Messi made two assists and Argentina snatched victory...","Khodorkovsky LIVE: ⚡️NEWS | POLICE LAWNESS IN MOSCOW | FLOODING IN RUSSIA | ARGENTINA IN ULTIMUM | DECLAMATIO ABDICATIO (2026-16-07). Praecipuum nuntium matutinum ad diem 16 Iulii;
- Argentina turma nationalis ultimam FIFA World Cup attigit, Angliam pulsans cum septuaginta 2:1. Conditores pilae ducebant 1:0 5 minutes ante finem temporis normali, sed Messi duo auxilia et Argentina victoriam ereptam fecerunt.",https://www.youtube.com/supported_browsers?next_url=https://www.youtube.com/watch%3Fv%3Dv5IhSGn_4Qs,,,"Your browser isnt supported anymore. Update it to get the best YouTube experience and our latest features. Learn more
Remind me later",,2026-07-21 16:41:17+00:00,wmo,Russia,ESB,Europe
38c6e560e5b8f5058b9e195e1503067e,2026-07-15T13:02:11Z,Storm,шторм в россии,lenta.ru,ru,0.7,"Ein Sturm mit Hagel wird acht Regionen Russlands treffen. Am Mittwoch, 15. Juli, werden acht Regionen Russlands von Schauern mit Gewittern und Hagel heimgesucht. Die Hauptabteilung des Ministeriums für Notsituationen warnte vor einem gefährlichen Sturm",Шторм с градом обрушится на восемь регионов России,"В среду, 15 июля, ливни с грозами и градом обрушатся на восемь регионов России. Об опасном шторме предупредили в главном управлении МЧС","A storm with hail will hit eight regions of Russia. On Wednesday, July 15, showers with thunderstorms and hail will hit eight regions of Russia. The main department of the Ministry of Emergency Situations warned about a dangerous storm","Tempestas grandine octo regiones Russiae feriet. Die Mercurii, XV mensis Iulii, imbres tonitruum et grandinum octo regiones Russiae ferient. Principalis department Ministerii tumultuarios Situs monuit de tempestate periculosa",https://lenta.ru/news/2026/07/15/shtorm-s-gradom-obrushitsya-na-vosem-regionov-rossii/,https://icdn.lenta.ru/images/2026/07/15/15/20260715155613074/share_f5b24e06ad75e998c66ae6161b4fabf7.jpg,,": / 
, 15 , . .
« (), 15 , , , », .
 , , , - - , .
 , , , 25 .
. , 85-90 .",,2026-07-24 21:19:55+00:00,wmo,Russia,ESB,Europe
219c30d472eae5baa9766bca08ffaafd,2026-07-09T08:39:18Z,Wildfire,лесной пожар в волгоградской области,hi-tech.mail.ru,ru,0.3,"In Russland stellten sie den „Fortune Teller“-Komplex zur Erkennung von Drohnen vor. Wir erzählen Ihnen mehr über die Möglichkeiten des heimischen Systems. Auf der internationalen Ausstellung und dem Forum unbemannter Flugsysteme „Drone Expo - 2026“, die in Kasan stattfindet, wurde der elektronische Aufklärungskomplex „Fortune Teller“ vorgestellt. TASS schreibt darüber mit Bezug auf...",В России представили комплекс «Гадалка» для обнаружения дронов,"Рассказываем больше о возможностях отечественной системы.На международной выставке-форуме беспилотных авиационных систем «Дрон Экспо – 2026», которая проходит в Казани, представили комплекс радиоэлектронной разведки «Гадалка». Об этом пишет ТАСС со ссылкой на…","In Russia, they presented the “Fortune Teller” complex for detecting drones. We tell you more about the capabilities of the domestic system. At the international exhibition and forum of unmanned aerial systems “Drone Expo - 2026”, which takes place in Kazan, the “Fortune Teller” electronic reconnaissance complex was presented. TASS writes about this with reference to...","In Russia complexum ""Fortun Teller"" obtulerunt ut fucos deprehenderent. Plura de facultatibus systematis domestici vobis narramus. Ad exhibitionem internationalem et forum systematum inanibus aerias ""Drone Expo-2026"", quod in Kazan evenit, ""Fortuna Teller"" electronic exploratoris complexus praesentatus est. De hoc scribit TASS cum ad...",https://hi-tech.mail.ru/news/150977-v-rossii-predstavili-kompleks-gadalka-dlya-obnaruzheniya-dronov/,https://resizer.mail.ru/p/d5e293ad-2c7e-5d03-9fd9-599f869f5b84/AQAKpCxJFuhK58hfY44jWVGZzzTOW5W9WFet-PgKmQ6ITJOAlMsicjoil35XHQMJbbiz8mDpU0WnpJPArxw2vgZbGrQ.jpg,,", 50 . «» — , . 8,5 . — 890 6000 . , .",,2026-07-26 03:53:05+00:00,wmo,Russia,ESB,Europe
bae5fd7e29404982531cfd0bcdb32e3d,2026-07-15T11:55:48Z,Flood,затопление Курганской области,www.youtube.com,ru,0.3,"Chodorkowski LIVE: ⚡️NEWS | KRIM OHNE LICHT UND WASSER | Schießerei an einer Tankstelle. ES GIBT VERWUNDETE | FRAUEN WERDEN AN DIE FRONT GEDREHNT (07.15.2026). Hauptnachrichten 15. Juni.
- Russland hat Luftverteidigungssysteme aus der einzigen Werft des Landes abgezogen, in der Atom-U-Boote gebaut werden.
- Die Kraftstoffkrise hat den Güterverkehr getroffen. Aufgrund der Knappheit und des Preisanstiegs von Dieselkraftstoff betragen die Zölle für den Warentransport in Russland nur...",Ходорковский LIVE: ⚡️НОВОСТИ | КРЫМ БЕЗ СВЕТА И ВОДЫ | ПЕРЕСТРЕЛКА НА АЗС. ЕСТЬ РАНЕНЫЕ | ЖЕНЩИН ГОНЯТ НА ФРОНТ (2026-15-07),"Главные новости 15 июня.
- Россия отвела системы ПВО от единственной в стране верфи, где строят атомные подводные лодки.
- Топливный кризис ударил по грузоперевозкам. Из-за дефицита дизтоплива и его подорожания тарифы на транспортировку грузов в России всего …","Khodorkovsky LIVE: ⚡️NEWS | CRIMEA WITHOUT LIGHT AND WATER | SHOOTOUT AT A GAS STATION. THERE ARE WOUNDED | WOMEN ARE DRIVEN TO THE FRONT (2026-15-07). Main news June 15.
- Russia has withdrawn air defense systems from the only shipyard in the country where nuclear submarines are built.
- The fuel crisis has hit cargo transportation. Due to the shortage of diesel fuel and its rise in price, tariffs for transporting goods in Russia are only...","Khodorkovsky LIVE: ⚡️NEWS | CRIMEA SINE LUX ET AQUA | Shootout AT A gas station. SAUCIUNTUR | MULIERIBUS COGITATIS ANTE (2026-15-07). Praecipuum evangelium 15 Iunii.
- Russia systemata defensionis aeris discessit a sola navalia in regione ubi submarini nuclei aedificantur.
- Discrimen cibus mercium vecturae feriet. Ob inopiam pellentesque cibus eiusque in pretio ortus, portoriis ad bona in Russia transportanda tantum sunt.",https://www.youtube.com/supported_browsers?next_url=https://www.youtube.com/watch%3Fv%3Dr4GaaJDJC8s,,,"Your browser isnt supported anymore. Update it to get the best YouTube experience and our latest features. Learn more
Remind me later",,2026-07-26 16:13:56+00:00,wmo,Russia,ESB,Europe
958b9fc532a82d5e8edaa39f495b6d0b,2026-07-08T08:21:52Z,Storm,гроза ростовской области,www.youtube.com,ru,0.3,"Alexander Plyushchev: Krim: Blockade vom Meer aus, Detektiv von Monaco, Zerstörung der Ölraffinerie in Omsk. Kurnikov, Podolyak, Kataev, Stupak (07.08.2026). Alexander Plyushchev erwartet Sie in unserer The Breakfast Show. Alle wichtigen Neuigkeiten besprechen wir live mit Experten. 

Was passiert im Asowschen Meer und was wird jetzt mit dem Seetransit zur Krim passieren? Was über das Attentat auf Ermolaev in Monaco bekannt wurde und wer den Künstler tötete...","Александр Плющев: Крым: блокада с моря, Монакский детектив, Выбили Омский НПЗ. Курников, Подоляк, Катаев, Ступак (2026-08-07)","Александр Плющев ждет вас в нашем The Breakfast Show. Обсудим с экспертами в прямом эфире все главные новости. 

Что происходит в Азовском море, и что теперь будет с морским транзитом в Крым? Что стало известно о покушении на Ермолаева в Монако, и кто убил ис…","Alexander Plyushchev: Crimea: blockade from the sea, Monaco detective, Omsk oil refinery knocked out. Kurnikov, Podolyak, Kataev, Stupak (2026-08-07). Alexander Plyushchev is waiting for you in our The Breakfast Show. We will discuss all the main news with experts live. 

What is happening in the Sea of ​​Azov, and what will happen now with sea transit to Crimea? What became known about the assassination attempt on Ermolaev in Monaco, and who killed the artist...","Alexander Plyushchev: Crimea: obsidio e mari, Monaco detectivus, Oleum Omsk conflatorio dempserat. Kurnikov, Podolyak, Kataev, Stupak (2026-08-07). Alexander Plyushchev te exspectat in The Prandium Show nostrum. Omnes praecipuorum nuntiorum peritis vivemus disseremus. 

Quid apud Maeotim lacum, et quid nunc cum mari transitum ad Chersonesum fiet? Quod notum factum est de caede conatu Ermolaev in Monaco, et quis artifex occidit...",https://www.youtube.com/supported_browsers?next_url=https://www.youtube.com/watch%3Fv%3DVVB6uqr2ddI,,,"Your browser isnt supported anymore. Update it to get the best YouTube experience and our latest features. Learn more
Remind me later",,2026-07-27 17:07:01+00:00,wmo,Russia,ESB,Europe
f917a35723ae3cfb629c455b155a2f1a,2026-07-10T23:06:24Z,Wildfire,лесной пожар в москве,www.youtube.com,ru,0.3,"Alexander Plyushchev: Der Stream mit Yura Belyat feat. Olya Nitka feat. Ekaterina Shulman feat. Anna Mongait (07.10.2026). Die Hauptthemen dieser Woche und Antworten auf Ihre Spendenfragen.

Karten außerhalb der Russischen Föderation – https://donate.plushev.com
Karten der Russischen Föderation – https://t.me/tribute/app?startapp=dF9w

Denis Alshanov:
YouTube-Kanal – @main_denis 

Yura Belyat:
YouTube-Kanal „Cold“ – @holodmedia 
Telegram-k...",Александр Плющев: The стрим с Юрой Белятом feat. Оля Нитка feat. Екатерина Шульман feat. Анна Монгайт (2026-10-07),"Главные темы этой недели и ответы на ваши вопросы в донатах.

Карты вне РФ - https://donate.plushev.com
Карты РФ - https://t.me/tribute/app?startapp=dF9w

Денис Альшанов:
YouTube-канал - @main_denis 

Юра Белят:
YouTube-канал ""Холод"" - @holodmedia 
Телеграм-к…","Alexander Plyushchev: The stream with Yura Belyat feat. Olya Nitka feat. Ekaterina Shulman feat. Anna Mongait (2026-10-07). The main topics of this week and answers to your questions in donations.

Cards outside the Russian Federation - https://donate.plushev.com
Maps of the Russian Federation - https://t.me/tribute/app?startapp=dF9w

Denis Alshanov:
YouTube channel - @main_denis 

Yura Belyat:
YouTube channel ""Cold"" - @holodmedia 
Telegram-k...","Alexander Plyushchev: Fluvius cum Yura Belyat feat. Olya Nitka feat. Ekaterina Shulman feat. Anna Mongait (2026-10-07). Argumenta praecipua huius hebdomadis et interrogationibus tuis in donationibus responsa.

Cards extra Foederationem Russicam - https://donate.plushev.com
Tabulae Foederationis Russicae - https://t.me/tribute/app?startapp=dF9w

Dionysius Alshanov;
YouTube channel - @main_denis 

Yura Belyat:
YouTube channel ""frigus"" - @holodmedia 
Telegram-k...",https://www.youtube.com/supported_browsers?next_url=https://www.youtube.com/watch%3Fv%3DLkxkgBrZmuM,,,"Your browser isnt supported anymore. Update it to get the best YouTube experience and our latest features. Learn more
Remind me later",,2026-07-27 17:07:01+00:00,wmo,Russia,ESB,Europe
4f1aff5fc7f44749915c6121240d0528,2026-07-11T13:54:45Z,Heat Wave,жара республика алтай,www.youtube.com,ru,0.3,"Alexander Plyushchev: Durchgesickerte Korrespondenz von Ksenia Sobtschak, was haben wir erfahren? Anna Mongait im Stream (07.11.2026). Anna Mongait teilt ihre Version darüber, warum die Korrespondenz von Ksenia Sobtschak durchgesickert ist. Was haben wir aus den veröffentlichten Daten gelernt und sollten wir mit der Propagandistin und ihrem Team sympathisieren?

Sehen Sie sich den vollständigen Stream an – https://www.youtube.com/watch?v=LkxkgBrZmuM

Anna Mongait, Moderatorin...","Александр Плющев: Слитая переписка Ксении Собчак, что мы узнали? Анна Монгайт в The стриме (2026-11-07)","Анна Монгайт делится своими версиями, зачем слили переписку Ксении Собчак. Что мы узнали из опубликованных данных и стоит ли сопереживать пропагандистке и ее команде?

Смотреть стрим полностью - https://www.youtube.com/watch?v=LkxkgBrZmuM

Анна Монгайт, ведущ…","Alexander Plyushchev: Leaked correspondence from Ksenia Sobchak, what have we learned? Anna Mongait in The stream (2026-11-07). Anna Mongait shares her version of why Ksenia Sobchak’s correspondence was leaked. What have we learned from the published data and should we sympathize with the propagandist and her team?

Watch the full stream - https://www.youtube.com/watch?v=LkxkgBrZmuM

Anna Mongait, presenter...","Alexander Plyushchev: Leaked correspondentia Ksenia Sobchak, quid didicimus? Anna Mongait in Rivo (2026-11-07). Anna Mongait versionem suam participat cur Ksenia Sobchak divulgata est correspondentia. Quid didicimus ex notitia publicata et cum propagandist et eius quadrigis compati esse debemus?

Videte plenum rivum - https://www.youtube.com/watch?v=LkxkgBrZmuM

Anna Mongait, presenter...",https://www.youtube.com/supported_browsers?next_url=https://www.youtube.com/watch%3Fv%3Dbh1qEqaefN8,,,"Your browser isnt supported anymore. Update it to get the best YouTube experience and our latest features. Learn more
Remind me later",,2026-07-27 17:07:01+00:00,wmo,Russia,ESB,Europe
3d2ca47c9de171c032f95d386fe51df6,2026-07-26T07:57:42Z,Storm,шторм в центральной части Балтики на востоке,www.youtube.com,ru,0.3,"Alexander Plyushchev: Die Ölraffinerie Tjumen brennt, Blogger retten Wildberries, Putin soll eingefroren werden. Pastukhov, Mongait (07.26.2026). Alexandra Filippenko erwartet Sie in unserer The Breakfast Show. Alle wichtigen Neuigkeiten besprechen wir live mit Experten.

Was ist über die Folgen des russischen Angriffs auf Saporoschje und des ukrainischen Angriffs auf die Ölraffinerie in Tjumen bekannt? Warum schlug Tokajew Putin vor, den Krieg zu beenden ...","Александр Плющев: Тюменский НПЗ в огне, Блогеры спасают Wildberries, Путина просят заморозить. Пастухов, Монгайт (2026-26-07)","Александра Филиппенко ждет вас в нашем The Breakfast Show. Обсудим с экспертами в прямом эфире все главные новости.

Что известно о последствиях российского удара по Запорожью и украинского удара по НПЗ в Тюмени? Почему Токаев предложил Путину прекратить войн…","Alexander Plyushchev: Tyumen Oil Refinery is on fire, Bloggers are saving Wildberries, Putin is being asked to be frozen. Pastukhov, Mongait (2026-26-07). Alexandra Filippenko is waiting for you on our The Breakfast Show. We will discuss all the main news with experts live.

What is known about the consequences of the Russian attack on Zaporozhye and the Ukrainian attack on the oil refinery in Tyumen? Why did Tokayev propose to Putin to stop the war...","Alexander Plyushchev: Oleum Tyumen conflagravit, Bloggers salvant Wildberries, Putin rogatur ut congelatur. Pastukhov, Mongait (2026-26-07). Alexandra Filippenko te exspectat nostrum The Prandium Show. Omnes praecipuorum nuntiorum peritis vivemus disseremus.

Quid notum est de consequentibus impetus Russorum in Zaporozhye et Ucraina impetum in conflatorio olei in Tyumen? Cur Tokayev proposuit Putin ut bellum prohiberet ...",https://www.youtube.com/supported_browsers?next_url=https://www.youtube.com/watch%3Fv%3Dj2YHfqKW4nw,,,"Your browser isnt supported anymore. Update it to get the best YouTube experience and our latest features. Learn more
Remind me later",,2026-07-27 17:07:01+00:00,wmo,Latvia,WCE,Europe
2835d41b7e6e90745ce57110f7c02922,2026-07-26T11:09:27Z,Wildfire,лесной пожар в республике ингушетия,www.youtube.com,ru,0.3,"Alexander Plyushchev: Die Tragödie von Menschen, denen das Gesicht gerieben wurde. Der Krieg hat die Mittelschicht erreicht. Anna Mongait. (07.26.2026). Wir haben mit der Journalistin Anna Mongait darüber gesprochen, wie sich die Geschichte rund um Wildberries entwickelt. Die Situation ist zu einer Sackgasse geworden: Die wahren Gründe für die Verluste des Unternehmens werden nicht genannt, aber jemand wagt es bereits, ein Ende des Krieges zu fordern. „Sie sind einen Schritt davon entfernt zu sagen...","Александр Плющев: Трагедия людей, которых ткнули носом. Война пришла к среднему классу. Анна Монгайт. (2026-26-07)","С журналисткой Анной Монгайт поговорили о том, как развивается история вокруг Wildberries. Ситуация стала тупиковой: люди не называют истинных причин убытков компании, но кто-то уже осмеливается требовать окончания войны. «Они в шаге от того, чтобы сказать пр…","Alexander Plyushchev: The tragedy of people who were rubbed in the face. The war has come to the middle class. Anna Mongait. (2026-26-07). We talked to journalist Anna Mongait about how the story around Wildberries is developing. The situation has become a dead end: people do not name the true reasons for the company’s losses, but someone already dares to demand an end to the war. “They are one step away from saying...","Alexander Plyushchev: Tragoedia eorum qui in facie fricantur. Bellum ad mediam classem venit. Anna Mongait. (2026-26-07). Locuti sumus ad diurnarium Anna Mongait quomodo historia circa Wildberries evolvens. Res mortua est finis: homines veras causas damnorum societatis non nominant, sed aliquis iam finem belli poscere audet. ""Sunt unus gradus ab dicere...",https://www.youtube.com/supported_browsers?next_url=https://www.youtube.com/watch%3Fv%3Dl1DZu_UmeZA,,,"Your browser isnt supported anymore. Update it to get the best YouTube experience and our latest features. Learn more
Remind me later",,2026-07-27 17:07:01+00:00,wmo,Russia,ESB,Europe
68b1a2ddca125cca84e99f5ecf740116,2026-07-14T15:57:12Z,Heat Wave,жара в москве,news.mail.ru,ru,0.7,Bis Ende Juli dementierte der Meteorologe Prognosen über ungewöhnliche Hitze in Moskau. Prognostiker Golubev: Im Juli ist in Moskau und der Region keine ungewöhnliche Hitze zu erwarten.,Синоптик опроверг прогнозы об аномальной жаре в Москве до конца июля,Синоптик Голубев: аномальная жара в Москве и области в июле не ожидается.,The weather forecaster denied forecasts of abnormal heat in Moscow until the end of July. Forecaster Golubev: abnormal heat is not expected in Moscow and the region in July.,Vater tempestatis negavit praenuntiationes caloris abnormis Moscuae usque ad finem mensis Iulii. Vatem Golubev: abnormis calor Moscuae et regionis mense Iulio non expectatur.,https://news.mail.ru/society/71632463/,https://news.mail.ru/social_preview/71632463/?time=d627cf667dc7a6d8749300a929991947,,"«  , .  ,   +25−28 °C. ,     », — .",,2026-07-28 12:11:22+00:00,wmo,Russia,ESB,Europe
cc4dd3ecfa363bfc091ef737c5e24b5b,2026-07-20T05:16:15Z,Heat Wave,жара в москве,news.mail.ru,ru,0.7,"Die Moskauer wurden vor der Hitze gewarnt. Am Montag, 20. Juli, wird in Moskau eine Hitze von bis zu plus 28 Grad Celsius erwartet.",Москвичей предупредили о жаре,"В понедельник, 20 июля, в Москве ожидается жара до плюс 28 градусов Цельсия.","Muscovites were warned about the heat. On Monday, July 20, heat of up to plus 28 degrees Celsius is expected in Moscow.","Moscovitae de calore moniti sunt. Die Lunae, XX mensis Iulii, caloris usque ad plus XXVIII gradus Celsius Moscuae expectatur.",https://news.mail.ru/society/71691475/,https://news.mail.ru/social_preview/71691475/?time=12691e160b3fd3851dc380fe0ac5e9f0,,"14−16 ,    —  13 .  26−28  .   23−28 . :  — 3−8  .",,2026-07-28 12:11:22+00:00,wmo,Russia,ESB,Europe
6b05dce1e28d1a499e40c3bef2109c5c,2026-07-24T07:44:00Z,Storm,шторм Карачаево-Черкесская республика,izhlife.ru,ru,0.3,In Bezug auf die Effizienz der Forstwirtschaft gehörte Udmurtien zu den drei Regionen seiner Gruppe. Nach den Ergebnissen der Bewertung des Föderalen Forstamts für 2025 gehörte Udmurtien in seiner Gruppe zu den drei Regionen mit der höchsten Waldbewirtschaftungseffizienz. Die Region ist von der Kategorie „befriedigend“ in die sogenannte „grüne“ Kategorie aufgestiegen.,Удмуртия вошла в тройку лидеров по эффективности ведения лесного хозяйства среди регионов своей группы,Удмуртия вошла в число трех лучших регионов по эффективности ведения лесного хозяйства в своей группе по итогам оценки Федерального агентства лесного хозяйства за 2025 год. Регион поднялся из категории с оценкой «удовлетворительно» в так называемую «зеленую з…,Udmurtia entered the top three in terms of efficiency of forestry management among the regions of its group. Udmurtia was among the top three regions in terms of forest management efficiency in its group according to the results of the assessment of the Federal Forestry Agency for 2025. The region has risen from the “satisfactory” category to the so-called “green...,"Udmurtia tria capita iniit secundum efficientiam administrationis silvarum inter regiones coetus eius. Udmurtia erat in summo tres regiones secundum administrationem silvarum efficientiam in suo coetu secundum eventus aestimationem Agency Foederalis Forestry pro 2025 . Regione orta est ex categoria ""satisfactoriae"" ad quod dictum ""viridis...""",https://izhlife.ru/society/udmurtiya-voshla-v-troyku-liderov-po-effektivnosti-vedeniya-lesnogo-khozyaystva-sredi-regionov-svoey.html,https://izhlife.ru/upload/resize_cache/webp/iblock/971/e31czjba7turqk30s3qyego34xwjs55u/gemini_3.1_flash_lite_image-_nano_banana_2_lite_a_Narisuy_gorizontaln-_3_.webp,,": 
2025 . «» « », - .
, , , , , , . , . . , 22 « 801», 2024 .
. 2023 35 102 , 2026 0,04 . : 9,8 , « » « » 200 .",,2026-07-28 21:21:25+00:00,wmo,Russia,ESB,Europe
38f13dc8cf0301a43456422e5d44cfed,2026-07-11T02:17:13Z,Heat Wave,жара в россии,news.mail.ru,ru,0.7,"Das Hydrometeorologische Zentrum berichtete, in welchen Regionen ungewöhnliche Hitze vorhergesagt wird. In mehreren Regionen Russlands werden die Temperaturen in den kommenden Tagen voraussichtlich deutlich über der klimatischen Norm liegen. Laut Prognose des Hydrometeorologischen Zentrums wird das heißeste Wetter in der Region Kurgan herrschen und auch die Region Nowosibirsk und das Altai-Territorium betreffen.","В Гидрометцентре сообщили, в каких регионах прогнозируется аномальная жара","Сразу в нескольких регионах России в ближайшие дни ожидается существенное превышение климатической нормы температуры. По прогнозу Гидрометцентра, наиболее жаркая погода установится в Курганской области, а также затронет Новосибирскую область и Алтайский край.","The Hydrometeorological Center reported in which regions abnormal heat is predicted. In several regions of Russia in the coming days, temperatures are expected to significantly exceed the climatic norm. According to the forecast of the Hydrometeorological Center, the hottest weather will be in the Kurgan region, and will also affect the Novosibirsk region and Altai Territory.","Centrum hydrometeorologicum relatum est in quo regiones abnormes calor praedicitur. In compluribus Russiae regionibus venientibus diebus temperaturae normae climaticae significanter expectantur. Secundum praenuntiationem Centri Hydrometeorologici, tempestas calidissima in regione Kurgan erit, et etiam regionem Novosibirscum et Territorium Altai afficiet.",https://news.mail.ru/society/71594807/,https://resizer.mail.ru/p/9dabb4d3-c888-5753-9c92-26420d7729c3/AAAGWnVRWvrZV2HsLHM9_9DE1GbT9OyHic6kURETGWU_u8_GNeHftB4l9ey7UCwPm3nRFvxBuamp2lCA8gOtSlvmiZI.jpg,,"11−12 .   ,    +37 .     . ,    11  14 .",,2026-07-29 03:36:12+00:00,wmo,Russia,ESB,Europe
e7ea39dbb9c90ac059ce85dc6c9ab39b,2026-07-12T02:45:16Z,Storm,шторм в Эстонии,news.mail.ru,ru,0.7,"In Estland gab es einen Stromausfall, mehr als achttausend Häuser blieben ohne Strom. Der Sturm ließ Tausende Häuser im Nordosten und Südosten Estlands ohne Strom zurück.","В Эстонии произошел блэкаут, более восьми тысяч домов остались без света",Шторм оставил без света тысячи домов на северо-востоке и юго-востоке Эстонии.,"There was a blackout in Estonia, more than eight thousand houses were left without electricity. The storm left thousands of houses in northeast and southeast Estonia without power.","Erat niger in Estonia, plus octo milia domuum sine electricitate relicta sunt. Procella milia domorum in septentrione et oriente Estonia sine viribus reliquit.",https://news.mail.ru/society/71601969/,https://resizer.mail.ru/p/e49e4ba2-ddac-5ed1-a27e-17484d8f56c1/AAAGFOcX9PmLwfDeFkoEmowzryvBChuNiDMaxaHG4FML194R3rs05N44qpm1QQHCgu0NcMQd8MNKAi-iMXOaYCKFZuk.jpg,,"«  ,   , Elektrilevi,   8 », —  .",,2026-08-01 03:47:44+00:00,wmo,Estonia,NEU,Europe
1b3b68432b08eb6de579cf84acc259a6,2026-07-01T04:52:00Z,Flood,затопление свердловской области,www.interfax.ru,ru,0.7,"Mehr als 150 Menschen wurden aus überschwemmten Gebieten im Gebiet Swerdlowsk evakuiert. Retter des Ministeriums für Notsituationen evakuierten 155 Menschen, darunter sechs Kinder, aus überfluteten Gebieten der Region Swerdlowsk, berichtet der Pressedienst des Ministeriums für Notsituationen der Russischen Föderation. „Durch starke Niederschläge in Form von Regen sind mehr als 2…",Более 150 человек эвакуированы из подтопленных районов в Свердловской области,"Спасатели МЧС эвакуировали из подтопленных районов Свердловской области 155 человек, в том числе шестерых детей, сообщает пресс-служба МЧС РФ.""В результате выпадения обильных осадков в виде дождя на территории Свердловской области произошло затопление более 2…","More than 150 people were evacuated from flooded areas in the Sverdlovsk region. Rescuers of the Ministry of Emergency Situations evacuated 155 people, including six children, from flooded areas of the Sverdlovsk region, the press service of the Ministry of Emergency Situations of the Russian Federation reports. “As a result of heavy precipitation in the form of rain, more than 2…","Plus quam 150 homines ex locis inundatis in regione Sverdlovsk ecesserunt. Resuatores Ministerii Emergency Situationes 155 homines, inclusos sex liberos, ex inundatis regionis Sverdlovscae areis, servitium diurnariis condicionum Foederationis Russicae Ministerii Emergency tradit. ""Ex gravibus praecipitatio in forma pluviae, plus quam 2…",https://www.interfax.ru/russia/1099388,https://www.interfax.ru/aspimg/1099388.jpg,,". 1 . INTERFAX.RU - 155 , , - .
"" 290 , 3819 17 . 155 , 6 . 9 , "", - .
 . 600 150 .
 .
 . . . .
 , 80 600 . .",,2026-08-02 03:50:02+00:00,wmo,Russia,ESB,Europe
a9c0ad32952bf988a8aa89e5b555d362,2026-07-15T04:07:04Z,Thunderstorm,гроза в россии,rg.ru,ru,0.7,"Aufgrund von Gewittern wurde in der Region Moskau die Alarmstufe Gelb ausgerufen. In der Region Moskau wurde für den 15. Juli die gelbe Wettergefahrstufe ausgerufen, der Grund dafür ist ein in einigen Gebieten zu erwartendes Gewitter, geht aus der Prognosekarte des Hydrometeorologischen Zentrums Russlands hervor.",Желтый уровень опасности объявлен в Московском регионе в связи с грозой,"В Московской области на 15 июля объявлен желтый уровень погодной опасности, причина - ожидаемая в отдельных районах гроза, следует из прогностической карты Гидрометцентра России.","A yellow alert level has been declared in the Moscow region due to thunderstorms. In the Moscow region, a yellow level of weather danger has been declared for July 15, the reason is a thunderstorm expected in some areas, follows from the forecast map of the Hydrometeorological Center of Russia.","Flavus campestri erectus in regione Moscuae ob tonitribus declaratus est. In regione Moscuensi, gradu tempestatis flavus periculum diei 15 Iulii declaratum est, causa tonitrui exspectatur in nonnullis locis, sequitur ex tabula praesagio Hydrometeorologico Centri Russiae.",https://rg.ru/2026/07/15/reg-cfo/zheltyj-uroven-opasnosti-obiavlen-v-moskovskom-regione-v-sviazi-s-grozoj.html,https://cdnstatic.rg.ru/uploads/images/2026/07/15/tass_82475542_55a_1ae.jpg,,,,2026-08-02 11:33:48+00:00,wmo,Russia,ESB,Europe
8ed46709233c4961d7f875f76841f98e,2026-07-18T19:37:58Z,Thunderstorm,гроза в россии,rg.ru,ru,0.7,"Das hydrometeorologische Zentrum warnte angesichts der Hitze vor einem möglichen Gewitter in der Region Moskau. Am Montag, 20. Juli, ist in der Region Moskau bei heißem Wetter ein Gewitter möglich, so die Prognose des Hydrometeorologischen Zentrums Russlands.",Гидрометцентр предупредил о возможной грозе в Московском регионе на фоне жары,"В понедельник, 20 июля, в Московском регионе возможна гроза на фоне жаркой погоды, следует из прогноза Гидрометцентра России .","The hydrometeorological center warned of a possible thunderstorm in the Moscow region amid the heat. On Monday, July 20, a thunderstorm is possible in the Moscow region amid hot weather, according to the forecast of the Hydrometeorological Center of Russia.","Centrum hydrometeorologicum monuit de possibili tonitrui in regione Moscuensi inter calorem. Die Lunae, XX mensis Iulii, tonitruum in regione Moscuensi inter aestus potest fieri, secundum praesagium Centri Hydrometeorologici Russiae.",https://rg.ru/2026/07/18/reg-cfo/gidrometcentr-predupredil-o-vozmozhnoj-groze-v-moskovskom-regione-na-fone-zhary.html,https://cdnstatic.rg.ru/images/rg-social-dummy-logo-650x360.jpg,,", , 19 , 28 - 30 . , .
 . , - . , 15 /.
 , , , - .",,2026-08-02 11:33:48+00:00,wmo,Russia,ESB,Europe
9079bae191e2fe950246a78e02b0e143,2026-07-20T13:09:11Z,Thunderstorm,гроза в россии,lenta.ru,ru,0.7,"Ein Gewitter zieht über Moskau auf. Nach mehreren Tagen Hitze wird ein Gewitter die Region Moskau treffen, berichtet das Hydrometeorologische Zentrum Russlands. Regen und Gewitter werden am Dienstag, 21. Juli, durch die atmosphärische Front des westlichen Zyklons verursacht",В Москву нагрянет гроза,"После нескольких дней жары в Московский регион нагрянет гроза, сообщает Гидрометцентр России. Дождь и грозу во вторник, 21 июля, принесет атмосферный фронт западного циклона","A thunderstorm is coming to Moscow. After several days of heat, a thunderstorm will hit the Moscow region, reports the Hydrometeorological Center of Russia. Rain and thunderstorms on Tuesday, July 21, will be brought by the atmospheric front of the western cyclone","Tonitruum Moscuam venit. Post aliquot dies æstus, tonitribus regionem Moscuæ feriet, centrum Hydrometeorologicum Russiae tradit. Pluviis ac procellis die Martis ante diem 21 iulii ab atmosphaerico cyclo occidentali adducetur.",https://lenta.ru/news/2026/07/20/v-moskvu-nagryanet-groza/,https://icdn.lenta.ru/images/2026/07/20/15/20260720155957799/share_63128b4b9f67f3a77e467a40ce110fcf.jpg,,": / 
, .
 , 21 , . 24-26 , 27 .
 «» , , 20 , 30 . . , .
 , , , 22 , .",,2026-08-02 11:33:48+00:00,wmo,Russia,ESB,Europe
0ee75db41540a5a6dd353e9d438cbb71,2026-07-25T09:04:09Z,Thunderstorm,гроза в россии,lenta.ru,ru,0.7,"Die Moskauer wurden vor der Gefahr gewarnt. Nach Angaben des Russischen Hydrometeorologischen Zentrums wurde in der Hauptstadtregion wegen eines drohenden Gewitters die Alarmstufe Gelb eingeführt. ""Sturm",Москвичей предупредили об опасности,"В столичном регионе ввели желтый уровень опасности из-за надвигающийся грозы, следует из данных Гидрометцентра России. «Гроза","Muscovites were warned of the danger. A yellow alert level has been introduced in the capital region due to an impending thunderstorm, according to data from the Russian Hydrometeorological Center. ""Storm","Moscovitae de periculo admoniti sunt. Flavus gradu erecto in caput regionis ob imminentem tonitribus introductus est, secundum notitias Centrum Hydrometeorologicum Russicum. ""Tempestas""",https://lenta.ru/news/2026/07/25/moskvichey-predupredili-ob-opasnosti/,https://icdn.lenta.ru/images/2026/07/25/11/20260725114838972/share_45112fd04d2bd329925f6c9e28dcdff2.jpg,,"- , .
«. 21 25 », . .
 «» , 25 . , , , . 3-4 . 20-22 18-23 .
 , .",,2026-08-02 11:33:48+00:00,wmo,Russia,ESB,Europe
c3c7a126027addf9db563c271b182ee8,2026-07-28T04:58:05Z,Thunderstorm,гроза в россии,lenta.ru,ru,0.7,"Den Moskauern wurde vom Wetter erzählt. In der Hauptstadtregion werden am Dienstag, 28. Juli, Gewitter und Temperaturen von bis zu plus 28 Grad Celsius erwartet, berichteten Prognostiker des Hydrometeorologischen Zentrums Russlands. Das Wetter wird bewölkt mit Lichtungen",Москвичам рассказали о погоде,"В столичном регионе во вторник, 28 июля, ожидается гроза и до плюс 28 градусов Цельсия, сообщили синоптики Гидрометцентра России. Погода будет облачной с прояснениями","Muscovites were told about the weather. In the capital region on Tuesday, July 28, thunderstorms and up to plus 28 degrees Celsius are expected, forecasters from the Hydrometeorological Center of Russia reported. The weather will be cloudy with clearings","Moscovitae de tempestate nuntiata sunt. In capitali regione die Martis die mensis Iulii die XXVIII mensis Iulii anno tonitrui et usque ad plus XXVIII gradus Celsius exspectantur, forecastes ex Centro Hydrometeorologico Russiae nuntiaverunt. Tempestas erit nubilum cum clearings",https://lenta.ru/news/2026/07/28/moskvicham-rasskazali-o-pogode/,https://icdn.lenta.ru/images/2026/07/28/07/20260728075810331/share_43902a03cb0ee60aeb397bfcbe74a97a.jpg,,", 28 , 28 , .
 . , . 25 27 , 23 28 . 6-11 , 17 .
 , 742 .
 «» , 30- .",,2026-08-02 11:33:48+00:00,wmo,Russia,ESB,Europe
8afa17df6f470885758f07d9511d14b1,2026-07-23T04:58:44Z,Storm,гроза в Москве,lenta.ru,ru,0.8,"Den Moskauern wurde vom Wetter erzählt. Am Donnerstag, 23. Juli, wird in Moskau und der Region Moskau bewölktes Wetter mit Lichtungen, Regen, Gewittern und bis zu 23 Grad Celsius erwartet. Dies wurde vom Hydrometeorologischen Zentrum Russlands gemeldet",Москвичам рассказали о погоде,"Облачная с прояснениями погода, дождь, гроза и до 23 градусов тепла ожидаются в Москве и Подмосковье в четверг, 23 июля. Об этом сообщает Гидрометцентр России","Muscovites were told about the weather. Cloudy weather with clearings, rain, thunderstorms and up to 23 degrees Celsius are expected in Moscow and the Moscow region on Thursday, July 23. This was reported by the Hydrometeorological Center of Russia","Moscovitae de tempestate nuntiata sunt. Serena tempestas cum serenis- tibus, pluviis, tonitribus et usque ad 23 gradus Celsius exspectatur in regione Moscuae et Moscuae die Iovis, mensis Iulii.",https://lenta.ru/news/2026/07/23/moskvicham-rasskazali-o-pogode/,https://icdn.lenta.ru/images/2026/07/23/08/20260723080120538/share_887aa63359a6a3b8202af46057b3677b.jpg,,", , 23 , 23 . .
 . 21 23 , 18 23 . -, 5-10 . 743 .
 , . , 24 , , 12-14 , 22-24 .
 «» , , 24 , .",,2026-08-02 11:33:48+00:00,wmo,Russia,ESB,Europe
b1f7fac3e4d3daf16ae583ac7b5dd745,2026-07-29T12:55:03Z,Storm,гроза в Москве,iz.ru,ru,0.8,"Das Ministerium für Notsituationen warnte bis zum Morgen des 30. Juli vor Gewittern und Regen in Moskau. Vom 29. Juli um 18:00 Uhr bis zum 30. Juli um 09:00 Uhr werden in Moskau starke Regenfälle, gelegentliche Schauer, Gewitter und Windböen von bis zu 15 m/s erwartet. Die Hauptabteilung des russischen Ministeriums für Notsituationen für die Hauptstadt warnte am 29. Juli auf der Website davor Roshydromet-Wettervorhersager, ab 18:00 Uhr am 29. Juli, mit Erhaltung...",МЧС предупредило о грозе и ливне в Москве до утра 30 июля,"Сильный дождь, местами ливень, гроза и порывы ветра до 15 м/с ожидаются в Москве с 18:00 29 июля до 09:00 30 июля. Об этом 29 июля предупредило на сайте главное управление МЧС России по столице.«По прогнозам синоптиков Росгидромет, с 18:00 29 июля с сохранени…","The Ministry of Emergency Situations warned of thunderstorms and rain in Moscow until the morning of July 30. Heavy rain, occasional showers, thunderstorms and wind gusts of up to 15 m/s are expected in Moscow from 18:00 on July 29 to 09:00 on July 30. The main department of the Russian Ministry of Emergency Situations for the capital warned about this on the website on July 29. “According to forecasts from Roshydromet weather forecasters, from 18:00 on July 29, with preservation...","Ministerium tumultuarios Situs monuit de procellis et pluviis Moscuae usque ad mane mensis Iulii 30. Imbres graves, imbres occasionales, procellis tempestatum et ventorum procellae usque ad 15 m/s exspectantur Moscuae ab 18:00 die 29 mensis Iulii ad 09:00 in Iulii 30. Praecipua rerum Russorum Ministerii Emergency Situationes capitales monuerunt de hac die in praenuntiatione tempestatum in mense Iulio usque ad praenuntiationes. 18:00 die 29 mensis Iulii cum conservatione...",https://iz.ru/2140544/mchs-predupredilo-o-groze-i-livne-v-moskve-do-utra-30-iiulia-izi,http://cdn.iz.ru/sites/default/files/styles/900x506/public/news-2026-07/DK108562%20copy.jpg?itok=e5kyo174,,", , 15 / 18:00 29 09:00 30 . 29 .
« , 18:00 29 09:00 30 », .
, - , , .
 , . , .
 «» 27 «», . . , +13... +18 , +23... +28 .",,2026-08-02 11:33:48+00:00,wmo,Russia,ESB,Europe
0d5c19164692368689270be8f402ba70,2026-07-22T08:43:01Z,Heat Wave,жара в россии,pogoda.mail.ru,ru,0.7,"Eine Kältewelle wird heute einen Teil Russlands erfassen. Wir sagen Ihnen, welches Wetter in den Regionen Russlands vom 22. bis 23. Juli 2026 erwartet wird. Vorhersage für Mittwoch und Donnerstag: Wo kommt die Kältewelle und wo bleibt die Hitze?",Волна похолодания сегодня накроет часть России,"Рассказываем, какая погода ожидается в регионах России 22–23 июля 2026. Прогноз на среду и четверг: куда придет волна похолодания, а где сохранится жара.","A cold wave will cover part of Russia today. We tell you what weather is expected in the regions of Russia on July 22–23, 2026. Forecast for Wednesday and Thursday: where the cold wave will come, and where the heat will remain.","Fluctus frigidus hodie partem Russiae operiet. Dicimus vobis quanta tempestas expectetur in regionibus Russiae die 22-23 Iulii, 2026. Praedictio Mercurii et Iovis: ubi unda frigida veniet et ubi aestus manebit.",https://pogoda.mail.ru/news/71719078/,https://resizer.mail.ru/p/dd24b9aa-4f0e-5447-9bcd-648294369d07/AAAGPDlhaKGVhQp76PIEHr53lIhuQmlfdzM0NmREHYl7Zfd9rM076q93uuYVnIXdlvEB8b0pwX08UcrM_Ft6L0piao8.jpg,,", 22 ,   . :  +30 °   +15 °.   +26 °, , 23 , — +9 °.   .  .
     :  +15 °. :  ,    .      +25 °  +30 °.   — +26 °   ,   — +19 °,   — +8 °.
    .  ,   — +28 °,   — +29 °,   — +30 °.
    .      —   … [+80 chars]",,2026-08-03 21:20:50+00:00,wmo,Russia,ESB,Europe
ee0e06d940fae5116c3247655e174df0,2026-07-22T23:29:08Z,Heat Wave,жара в россии,news.mail.ru,ru,0.7,"Meteorologe Makarova sagte, ob ungewöhnliche Hitze aus Europa Russland erreichen könnte. Ein leitender Mitarbeiter des Hydrometeorologischen Zentrums der Russischen Föderation sagte, dass in den nächsten fünf Tagen keine hohen Temperaturen zu erwarten seien.","Синоптик Макарова рассказала, может ли дойти до России аномальная жара из Европы","Ведущий сотрудник Гидрометцентра РФ заявила, что в ближайшие пять дней высокая температура не ожидается.",Forecaster Makarova said whether abnormal heat from Europe could reach Russia. A leading employee of the Hydrometeorological Center of the Russian Federation said that high temperatures are not expected in the next five days.,Vatem Makarova dixit num calor abnormis ab Europa Russiam attingere posset. Praecipuus operarius Hydrometeorologici Centri Foederationis Russiae dixit altas temperaturas proximos quinque dies non expectari.,https://news.mail.ru/society/71729225/,https://news.mail.ru/social_preview/71729225/?time=51266c433758c1889bafd30404bf3907,,", 23 . //. , 40 ,   ,   ,    .     .",,2026-08-03 21:20:50+00:00,wmo,Russia,ESB,Europe
84b39b311cceb2b1bd16de5b2e02e231,2026-07-23T07:21:04Z,Heat Wave,жара в россии,life.ru,ru,0.7,"Europa schmilzt: Der Meteorologe hat geschätzt, ob 40-Grad-Hitze Russland erreichen wird. Die Hitze, die eine Reihe europäischer Länder erfasst hat, könnte theoretisch auf Russland übergreifen. Ein solches Szenario ist jedoch in den nächsten fünf Tagen nicht zu erwarten. Dies berichtete die leitende Mitarbeiterin des Hydrometeorologischen Zentrums der Russischen Föderation Marina Makarova gegenüber TASS.","Европа плавится: Синоптик оценила, доберётся ли до России 40-градусная жара","Жара, накрывшая ряд европейских стран, теоретически может распространиться и на Россию. Однако в ближайшие пять дней такой сценарий не ожидается. Об этом ТАСС сообщила ведущий сотрудник Гидрометцентра РФ Марина Макарова.","Europe is melting: The weather forecaster assessed whether 40-degree heat will reach Russia. The heat that has covered a number of European countries could theoretically spread to Russia. However, such a scenario is not expected in the next five days. Leading employee of the Hydrometeorological Center of the Russian Federation Marina Makarova reported this to TASS.","Europa liquefacit: Tempestas vatem aestimat num 40-gradus calor Russiam attinget. Calor, qui complures Europae regiones obtexit, in Russiam scientialiter se diffudit. Attamen talis missionis proximis quinque diebus non expectatur. Ducens operarius Hydrometeorologici Centri Foederationis Russiae Marina Makarova hoc TASS nuntiavit.",https://life.ru/p/1903083,https://static.life.ru/ip/unsafe/rs:fit:1200:/q:98/sh:0.5/czM6Ly9saWZlLXN0YXRpYy9wdWJsaWNhdGlvbnMvMjAyNi83LzE2LzU1NTI5ODQ4ODI0Ni4zNTYxLndlYnA=.webp,,", , . . .
« , . 5 , . 26-. , , [ ] », .
 , . , . . , , .
 . , 22 , : 4044 , 52 .
 «» Life.ru.",,2026-08-03 21:20:50+00:00,wmo,Russia,ESB,Europe
b9756eb988b924ca686146ba7452c8c0,2026-07-23T07:24:15Z,Heat Wave,жара в россии,news.mail.ru,ru,0.7,"Europa schmilzt: Der Meteorologe hat geschätzt, ob 40-Grad-Hitze Russland erreichen wird. Die Hitze, die eine Reihe europäischer Länder erfasst hat, könnte theoretisch auf Russland übergreifen. Ein solches Szenario ist jedoch in den nächsten fünf Tagen nicht zu erwarten. Dies berichtete die leitende Mitarbeiterin des Hydrometeorologischen Zentrums der Russischen Föderation Marina Makarova gegenüber TASS.","Европа плавится: Синоптик оценила, доберётся ли до России 40-градусная жара","Жара, накрывшая ряд европейских стран, теоретически может распространиться и на Россию. Однако в ближайшие пять дней такой сценарий не ожидается. Об этом ТАСС сообщила ведущий сотрудник Гидрометцентра РФ Марина Макарова.","Europe is melting: The weather forecaster assessed whether 40-degree heat will reach Russia. The heat that has covered a number of European countries could theoretically spread to Russia. However, such a scenario is not expected in the next five days. Leading employee of the Hydrometeorological Center of the Russian Federation Marina Makarova reported this to TASS.","Europa liquefacit: Tempestas vatem aestimat num 40-gradus calor Russiam attinget. Calor, qui complures Europae regiones obtexit, in Russiam scientialiter se diffudit. Attamen talis missionis proximis quinque diebus non expectatur. Ducens operarius Hydrometeorologici Centri Foederationis Russiae Marina Makarova hoc TASS nuntiavit.",https://news.mail.ru/society/71732591/,https://news.mail.ru/social_preview/71732591/?time=664f027f7edd477e016766822db7de2d,,"« ,  .       — 5 ,   .   26-.  ,   ,   [ ]  », — .",,2026-08-03 21:20:50+00:00,wmo,Russia,ESB,Europe
353d132a300fcf22988fd2987a01608e,2026-07-28T08:21:41Z,Heat Wave,жара в россии,pogoda.mail.ru,ru,0.7,"Wo ist heute mit der Hitze zu rechnen: Prognose für russische Regionen. Wir sagen Ihnen, welches Wetter in den Regionen Russlands am 28. Juli 2026 erwartet wird. Prognose für Dienstag, wo die Hitze kommt, wo es regnen wird.",Где сегодня ждать пекла: прогноз по регионам России,"Рассказываем, какая погода ожидается в регионах России 28 июля 2026. Прогноз на вторник, куда придет жара, где прольются дожди.","Where to expect the heat today: forecast for Russian regions. We tell you what weather is expected in the regions of Russia on July 28, 2026. Forecast for Tuesday, where the heat will come, where it will rain.","Ubi aestus hodie exspectant: Providemus regiones Russicae. Dicimus vobis quanta tempestas expectetur in regionibus Russiae die 28 mensis Iulii anno 2026. Praedictio Martis, ubi calor veniet, ubi pluet.",https://pogoda.mail.ru/news/71787308/,https://resizer.mail.ru/p/5b91133c-7bd1-57fc-a7d0-f55dd54b789f/AAAGH7j49TrJqH1YyCVy3HbU8pWbvnHTvTutZaS0b1h6VKsEHfqRMRM0tZypyrgUt1YY1tZZdRXbf_rpqVr0olPY9EA.jpg,,", 28 ,   .   +30 °,   — +34 °,   — +31 °,   — +33 °.
,    +30 °.    ,  .    +26 °,   —  +27 °,   —  +34 °,   —  +30 °,   —  +29 °.
  : +36 °.    --  +30 °,   —  +31 °,   —  +28 °,   —  +30 °.      … [+130 chars]",,2026-08-03 21:20:50+00:00,wmo,Russia,ESB,Europe
69dba491f66be3ab8780c12200ae2b98,2026-07-29T08:52:15Z,Heat Wave,жара в россии,pogoda.mail.ru,ru,0.7,"In welchem ​​Teil Russlands wird es heute noch 30 Grad Hitze geben? Wir sagen Ihnen, welches Wetter in den Regionen Russlands am 29. Juli 2026 erwartet wird. Prognose für Mittwoch: Wo die Hitze kommt, wo die Kühle bleibt.",В какой части России сегодня сохранится 30-градусная жара,"Рассказываем, какая погода ожидается в регионах России 29 июля 2026. Прогноз на среду: куда придет жара, где удержится прохлада.","In which part of Russia will the 30-degree heat remain today? We tell you what weather is expected in the regions of Russia on July 29, 2026. Forecast for Wednesday: where the heat will come, where the coolness will stay.","In qua parte Russiae calor XXX gradus hodie manebit? Dicimus vobis quanta tempestas expectetur in regionibus Russiae die 29 mensis Iulii anno 2026. Praedictio Mercurii: ubi calor veniet, ubi frigus manebit.",https://pogoda.mail.ru/news/71801311/,https://resizer.mail.ru/p/55d7cbae-28a5-54d6-825c-9d349572f59f/AAAGJbG4y16BucpKJwJ-0JlTokD9wZapTLYn0mysjYsg1BZwXZjPuSirR9zmBJpTtIFKJl7iHEwg75WRP6oq9pJ1Zno.jpg,,", 29 , .    +32 °,   —  +27 °,   —  +32 °,   —  +31 °,   —  +27 °,   —  +28 °.  ,   .
 .    +27 °,   —  +31 °,   —  +32 °,   —  +30 °,   —  +33 °.
  .     +28 °,   — +27 °,   — +35 °,   — +28 °,   … [+192 chars]",,2026-08-03 21:20:50+00:00,wmo,Russia,ESB,Europe
8f0bb70f80d26328d7c0c72f7b6786ff,2026-07-29T10:16:17Z,Heat Wave,жара в россии,news.mail.ru,ru,0.7,"Experte Pinaev warnte vor einer neuen Wetterrealität in Russland. Aufgrund des globalen Klimawandels werde es immer häufiger zu ungewöhnlicher Hitze oder Schneefällen kommen, sagte ein außerordentlicher Professor der Abteilung für Umweltsicherheit und Produktqualitätsmanagement am RUDN-Institut für Ökologie.",Эксперт Пинаев предупредил о новой погодной реальности в России,"Аномальная жара или снегопады будут происходить все чаще из-за глобальных изменений климата, рассказал доцент департамента экологической безопасности и менеджмента качества продукции института экологии РУДН.","Expert Pinaev warned about a new weather reality in Russia. Abnormal heat or snowfalls will occur more and more often due to global climate change, said an associate professor at the Department of Environmental Safety and Product Quality Management at the RUDN Institute of Ecology.","Peritus Pinaev de nova re tempestatis in Russia monuit. Abnormes calor vel nives magis ac saepius ob mutatio climatis globalis occurrent, dixit socius socius apud Department of Salutis Environmental et Product Quality Management apud RUDN Institutum Ecologiae.",https://news.mail.ru/society/71804161/,https://news.mail.ru/social_preview/71804161/?time=693aec6082346acfa42de03a59ad7463,,"«      . ,      —  6−9 ,     35 ,   40- .         », — .",,2026-08-03 21:20:50+00:00,wmo,Russia,ESB,Europe
dcae487d448356985533bca2502aa079,2026-07-29T14:36:58Z,Heat Wave,жара в россии,rg.ru,ru,0.7,"Hydrometeorologisches Zentrum: Der letzte Sommermonat verspricht heiß zu werden. Anfang August kehrt die Hitze in die Hauptstadtregion zurück. Lyudmila Parshina, Leiterin des Labors des Hydrometeorologischen Zentrums Russlands, teilte dies der Rossiyskaya Gazeta mit.",Гидрометцентр: Последний месяц лета обещает быть жарким,"Жара вернется в столичный регион в начале августа. Об этом ""Российской газете"" рассказала заведующая лабораторией Гидрометцентра России Людмила Паршина.","Hydrometeorological center: The last month of summer promises to be hot. The heat will return to the capital region in early August. Lyudmila Parshina, head of the laboratory of the Hydrometeorological Center of Russia, told Rossiyskaya Gazeta about this.","Centrum hydrometeorologicum: Ultimus mensis aestatis promittit se calidum esse. Calor in regione prima Augusti ad caput redibit. Lyudmila Parshina, caput laboratorium Centrum Hydrometeorologicorum Russiae, de hoc Rossiyskaya Gazeta nuntiavit.",https://rg.ru/2026/07/29/reg-cfo/gidrometcentr-poslednij-mesiac-leta-obeshchaet-byt-zharkim.html,https://cdnstatic.rg.ru/uploads/images/2026/07/29/zhara1_8d6.jpg,,", , . 31 . - 25 .
 1 30- . 2 - 31. , . 3 24-29 .
"", . 1936 - 34,4 1 "", - . 2 2010 37 .
 . . . - , . . , . 30 . 40 30 31 .
 - . .",,2026-08-03 21:20:50+00:00,wmo,Russia,ESB,Europe
ad5fce752c4b0d188de2ce2f91e66009,2026-07-31T19:13:11Z,Heat Wave,жара в россии,news.mail.ru,ru,0.7,"Die WMO prognostizierte eine Erwärmung in Russland aufgrund der Entwicklung von El Niño. Die Entwicklung des aufkommenden El-Niño-Phänomens wird zu einer Erwärmung in Russland führen. Allerdings tritt die aktuelle Hitzewelle auf der Nordhalbkugel auf, bevor sich die Auswirkungen des Phänomens wirklich auf globaler Ebene bemerkbar machen. Darüber am Freitag, 31....",ВМО спрогнозировала потепление в России из-за развития Эль-Ниньо,"Развитие формирующегося явления Эль-Ниньо приведет к потеплению на территории России. При этом текущая жара в Северном полушарии наблюдается еще до того, как эффекты этого явления действительно начали проявляться в глобальном масштабе. Об этом в пятницу, 31 и…","The WMO predicted warming in Russia due to the development of El Niño. The development of the emerging El Niño phenomenon will lead to warming in Russia. However, the current heat wave in the Northern Hemisphere is occurring before the effects of the phenomenon have really begun to manifest themselves on a global scale. About this on Friday, 31st...","WMO praedixerat calefactionem in Russia ob progressionem El Niño. Explicatio phaenomenon emergentis El Niño ad calefaciendum in Russia ducet. Sed unda caloris currentis in Hemisphaerio Septentrionali fit antequam effectus phaenomeni se in scala globali manifestare vere coeperunt. De hoc die Veneris, 31st.",https://news.mail.ru/society/71836942/,https://news.mail.ru/social_preview/71836942/?time=7f5215aaf7c7b0239658d96444c60365,,"-     .      ,   .    , 31 , ().",,2026-08-03 21:20:50+00:00,wmo,Russia,ESB,Europe
1dce3aa3658f7a748e54f3078601bcf0,2026-07-10T08:54:51Z,Heat Wave,жара в россии,pogoda.mail.ru,ru,0.7,"In welchen Teilen Russlands wird die Arbeitswoche mit Gewittern enden? Wir sagen Ihnen, welches Wetter in den Regionen Russlands am 10. Juli 2026 erwartet wird. Prognose für Freitag, wo es Schauer mit Gewittern geben wird, wo die Hitze bleiben wird.",В каких уголках России рабочая неделя закончится грозами,"Рассказываем, какая погода ожидается в регионах России 10 июля 2026. Прогноз на пятницу, куда придут ливни с грозами, где сохранится жара.","In which parts of Russia the working week will end with thunderstorms. We tell you what weather is expected in the regions of Russia on July 10, 2026. Forecast for Friday, where there will be showers with thunderstorms, where the heat will remain.","In quibus partibus Russiae hebdomas operantes cum tonitribus finietur. Dicimus tibi quanta tempestas expectetur in regionibus Russiae die 10 mensis Iulii anno 2026. Praedictio Veneris, ubi imbres cum tonitribus erunt, ubi aestus manebit.",https://pogoda.mail.ru/news/71584575/,https://resizer.mail.ru/p/23333039-7d35-59fa-8eb3-4965bf84ed9c/AAAGS2aB-dSFg7fKwEjbtpEqd_aK6eEdAW1zh3UkoavZPcqR8mrXfs0PoX1rt52x8XvnQ_uJv-FcUZWg6GUE3YZyJn8.jpg,,", 10 , ,   .     .   +29 °,   — +27 °,   — +31 °,   — +29 °.",,2026-08-04 12:17:25+00:00,wmo,Russia,ESB,Europe
4582cd0ff50d5984e7e04089954836bd,2026-07-24T12:12:04Z,Heat Wave,жара в россии,pogoda.mail.ru,ru,0.7,"Hydrometeorologisches Zentrum: Dieses Wochenende wird ein Teil Russlands von ungewöhnlicher Hitze erfasst. Wir sagen Ihnen, welches Wetter in den Regionen Russlands am 25. und 26. Juli 2026 erwartet wird. Prognose für Samstag und Sonntag: Wo wird die Hitze kommen, wo wird es regnen?",Гидрометцентр: часть России в выходные накроет аномальная жара,"Рассказываем, какая погода ожидается в регионах России 25 и 26 июля 2026. Прогноз на субботу и воскресенье: куда придет жара, где пройдут дожди.","Hydrometeorological center: part of Russia will be covered by abnormal heat this weekend. We tell you what weather is expected in the regions of Russia on July 25 and 26, 2026. Forecast for Saturday and Sunday: where the heat will come, where it will rain.","Centrum hydrometeorologicum: pars Russiae calore abnormis hac volutpat vestibulum operietur. Dicimus tibi quanta tempestas expectetur in regionibus Russiae die 25 mensis Iulii anno 2026. Praedictio Saturni et Solis: ubi aestus veniet, ubi pluet.",https://pogoda.mail.ru/news/71749099/,https://resizer.mail.ru/p/6c5e29ee-99ca-5ad4-bf65-c2777c725a12/AAAGdsmXyHsK5KqF8eHtJ7tBRmfeX_H8Ur2ZLYvcwB8LthqWh2FJ78gJvvNlJrnl4jcyhq1b_PodBHx0HwW-jggPsj8.jpg,,.   .,,2026-08-04 12:17:25+00:00,wmo,Russia,ESB,Europe
d4a065a78ea7ece1102427763919fc5c,2026-07-25T18:44:11Z,Fog,туман россии,news.mail.ru,ru,0.7,"In der Nacht zum 26. Juli wird in der Region Moskau Nebel mit einer Sichtweite von bis zu 700 Metern erwartet. Am Sonntag, dem 26. Juli, wird in der Region Moskau von 01:00 bis 08:00 Uhr dichter Nebel mit einer Sichtweite von bis zu 200-700 Metern erwartet. Dies teilte der Pressedienst der Regionalabteilung des russischen Ministeriums für Notsituationen mit.",Туман с видимостью до 700 метров ожидается в Подмосковье в ночь на 26 июля,"Густой туман с видимостью до 200−700 метров с 01:00 до 08:00 в воскресенье, 26 июля, ожидается в Московской области. Об этом сообщили в пресс-службе регионального управления Министерства по чрезвычайным ситуациям России.","Fog with visibility up to 700 meters is expected in the Moscow region on the night of July 26. Dense fog with visibility up to 200-700 meters from 01:00 to 08:00 on Sunday, July 26, is expected in the Moscow region. This was reported by the press service of the regional department of the Russian Ministry of Emergency Situations.","Caligo cum visibilitate usque ad 700 metra in regione Moscuensi nocte Iulii 26. Nebula densa cum visibilitate usque ad 200-700 metra ab 01:00 ad 08:00 die Dominico, in regione Moscuae expectatur. Haec nuntiata sunt a servitio diurnariis regionalis Dicasterii Ministri Russici de Situationibus Emergency.",https://news.mail.ru/society/71762540/,https://news.mail.ru/social_preview/71762540/?time=8602a768cbfae2fc17e1df578109ef1f,,"200−700  01:00  08:00  , 26 ,   .    -   .",,2026-08-05 12:14:41+00:00,wmo,Russia,ESB,Europe
23ff6eb34da59a0d8de37976047e4b4f,2026-07-10T16:18:42Z,Thunderstorm,град Краснодарский край,vz.ru,ru,0.3,"Die Behörden des vom Erdbeben betroffenen Staates Venezuela dankten Russland. Die Behörden des venezolanischen Bundesstaates La Guaira dankten der Russischen Föderation aufrichtig für ihre Solidarität und schnelle Unterstützung nach den verheerenden Erdbeben. Der Gouverneur des venezolanischen Bundesstaates La Guaira, der vom Erdbeben am stärksten betroffen war,...",Власти пострадавшего от землетрясения штата Венесуэлы поблагодарили Россию,Власти венесуэльского штата Ла-Гуайра выразили искреннюю признательность Российской Федерации за солидарность и оперативную поддержку после разрушительных подземных толчков. Губернатор наиболее пострадавшего от землетрясения венесуэльского штата Ла-Гуайра Хос…,"The authorities of the earthquake-hit state of Venezuela thanked Russia. The authorities of the Venezuelan state of La Guaira expressed sincere gratitude to the Russian Federation for its solidarity and prompt support after the devastating tremors. The governor of the Venezuelan state of La Guaira, which was hit hardest by the earthquake,...","Auctoritates de statu terrae motus Venetiolae Russiae gratias egerunt. Auctores civitatis Venezuelanae La Guaira sinceram gratiam Foederationis Russicae ob eius solidarietatem et promptum subsidium post tremores vastationes expresserunt. Praeses civitatis Venezuelan La Guaira, quae maxime terrae motu percussa est,...",https://vz.ru/news/2026/7/10/1433957.html#text,https://img.vz.ru/upimg/soc/soc_1433957.png,,"« , . , , », , «». , , « , », . « , , - , », . 
 , , . « », , , , . , , . 
 «» , 25- , . , . FPV-. , . 
« , . , . , », . 
 , , , . « , . , , , », . 
 «-». , , . 13 FPV-, . 
« », () . , . . 
 F… [+162 chars]",,2026-08-05 21:31:53+00:00,wmo,Russia,ESB,Europe
c84c63f173ffbe1a6d6277a4c190343e,2026-07-24T17:37:53Z,Heat Wave,жара в россии,life.ru,ru,0.7,"Das russische Verteidigungsministerium scherzte über die Hitze und den Iskander nach dem Angriff auf die Waffenausstellung. Das russische Verteidigungsministerium veröffentlichte eine ungewöhnliche Nachricht nach einem Angriff auf ein Übungsgelände in der Region Kiew, wo gerade eine Demonstration militärischer Ausrüstung stattfand. Die Agentur veröffentlichte ein Bild des Raketenstarts mit der ironischen Überschrift: „Iskander ist weg, es ist heiß im Juli“ ...",Минобороны РФ пошутило про жару и «Искандер» после удара по выставке оружия,"Минобороны России опубликовало необычное сообщение после нанесения удара по полигону в Киевской области, где в тот момент проходила демонстрация военной техники. Ведомство разместило изображение запуска ракеты с ироничной подписью: «Искандер пошла, жара июль»…","The Russian Ministry of Defense joked about the heat and the Iskander after the attack on the weapons exhibition. The Russian Ministry of Defense published an unusual message after striking a training ground in the Kyiv region, where at that moment a demonstration of military equipment was taking place. The agency posted an image of the rocket launch with an ironic caption: “Iskander has gone, it’s hot in July”...","Ministerio defensionis Russiae de calore iocatus est et Iskander post impetum in arma exhibuit. Ministerium defensionis Russicum nuntium insolitum edidit postquam palaestram in regione Kyiv pulsavit, ubi tunc temporis demonstratio militaris instrumenti fiebat. Procuratio imaginem erucae launch cum captione ironica missae: ""Iskander abiit, calet mense Iulio""...",https://life.ru/p/1903784,https://static.life.ru/ip/unsafe/rs:fit:1200:/q:98/sh:0.5/czM6Ly9saWZlLXN0YXRpYy9wdWJsaWNhdGlvbnMvMjAyNi83LzI0Lzc2MzY1Nzc2NjYyNS4xMDU4LnBuZw==.webp,,,,2026-08-06 07:48:53+00:00,wmo,Russia,ESB,Europe
8fb11e3eb98eb79118436747c7eda847,2026-07-09T07:41:34Z,Heat Wave,жара в россии,pogoda.mail.ru,ru,0.7,"Arktische Kühle wird heute einen Teil Russlands bedecken. Wir sagen Ihnen, welches Wetter in den Regionen Russlands am 9. Juli 2026 erwartet wird. Vorhersage für Donnerstag, wo der Regen kommt, wo es kälter wird, wo die Hitze bleibt.",Арктическая прохлада сегодня накроет часть России,"Рассказываем, какая погода ожидается в регионах России 9 июля 2026. Прогноз на четверг, куда придут дожди, где похолодает, где сохранится жара.","Arctic coolness will cover part of Russia today. We tell you what weather is expected in the regions of Russia on July 9, 2026. Forecast for Thursday, where the rain will come, where it will get colder, where the heat will remain.","Frigora arctica hodie partem Russiae operiet. Dicimus vobis quanta tempestas expectetur in regionibus Russiae die 9 mensis Iulii anno 2026. Praedictio Iovis, ubi pluvia veniet, ubi frigidior erit, ubi calor remanebit.",https://pogoda.mail.ru/news/71570711/,https://resizer.mail.ru/p/43bd06f3-1aed-5994-a7ab-0e87d99e7cd9/AAAGeMI5IWiKzUvnxKqh0s3zgjqmQT-EfdDdB5BzFiitJGNY2c9bKqmePD4iW9Kq01qepSgmR0YXtPSBHzPn9zfq640.jpg,,", 9 ,  —   +19 °.  .     ,  +26 °.   30- .   +25 °,  - — +26 °.
  .      .    ,     .   — +36 °,   — +25 °,   — +23 °,   — +28 °,  - — +23 °,   — +25 °.
  ,    .   — +25 °,   — +26 °,   — +29 °,   … [+89 chars]",,2026-08-07 00:56:13+00:00,wmo,Russia,ESB,Europe
07bd6b1f0d6af43fc9260e465f46ca6e,2026-07-13T07:37:40Z,Heat Wave,жара в россии,lenta.ru,ru,0.7,"Extreme Hitze wird Russland treffen. Eine neue Welle extremer Hitze wird Europa treffen, und das europäische Russland wird am härtesten getroffen. Davor warnte Massimiliano Fazzini, Dozent für Physische Geographie und Klimarisiken an der Universität Camerino in Italien, in einem Gespräch mit Age...",Экстремальная жара обрушится на Россию,"Новая волна экстремальной жары обрушится на Европу, и сильнее всего от нее пострадает европейская часть России. Об этом предупредил преподаватель физической географии и климатических рисков университета Камерино в Италии Массимилиано Фаццини в разговоре с аге…","Extreme heat will hit Russia. A new wave of extreme heat will hit Europe, and European Russia will be hit hardest. Massimiliano Fazzini, a lecturer in physical geography and climate risks at the University of Camerino in Italy, warned about this in a conversation with age...","Extremus calor Russiam feriet. Nova unda caloris extremae Europam feriet, et Russia Europaea gravissima erit. Maximilianus Fazzini, lector in geographia physica et climatis periculorum in Universitate Camerino in Italia, monuit de hoc in colloquio cum aetate...",https://lenta.ru/news/2026/07/13/ekstremalnaya-zhara-obrushitsya-na-rossiyu/,https://icdn.lenta.ru/images/2026/07/13/10/20260713100733804/share_7a87e600a621d25913e6fd7b8424e1d2.jpg,,: Belkin Alexey / Globallookpress.com,,2026-08-07 00:56:13+00:00,wmo,Russia,ESB,Europe
35a746e141d473a1446f28bb073c3113,2026-07-29T22:17:02Z,Fog,туман Архангельской области,pikabu.ru,ru,0.3,"Demütige dich, Kaukasus, Ermolov kommt. Ermolov ist der Retter von Kavakaz. Posten Sie wichtige Punkte. Ein Beitrag darüber, warum es im Nordkaukasus keine Staaten, sondern Stämme gab. Woher bekamen diese Stämme ihre Waffen und Ressourcen, um einem der größten Reiche der Welt Widerstand zu leisten? Warum Ermolov nicht der Henker des Kaukasus, sondern buchstäblich sein Retter ist. Warum begann der Kaukasuskrieg?","Смирись Кавказ, идёт Ермолов. Ермолов - спаситель Каваказа. Пост для важных тезисов","Пост о том, почему не было на Северном Кавказе государств, а были племена. Откуда у этих племен бралось оружие и ресурсы противостоять одной из величайших империй мира. Почему Ермолов не палач Кавказа, а буквально его спаситель. Почему у Кавказской Войны нача…","Humble yourself Caucasus, Ermolov is coming. Ermolov is the savior of Kavakaz. Post for important points. A post about why there were no states in the North Caucasus, but tribes. Where did these tribes get their weapons and resources to resist one of the greatest empires in the world? Why Ermolov is not the executioner of the Caucasus, but literally its savior. Why did the Caucasian War begin...","Deprime te Caucasum, venit Ermolov. Ermolov servator Kavakaz est. Stipes pro momentis. Nuncius circiter quare in septentrionali Caucaso non erant civitates, sed gentes. Ubi hae gentes arma ac facultates ad summa imperia in mundo restiterunt? Cur Ermolov non Caucasi carnifex, sed proprie servator eius est. Cur bellum Caucasicum incepit...",https://pikabu.ru/story/smiris_kavkaz_idyot_ermolov_ermolov__spasitel_kavakaza_post_dlya_vazhnyikh_tezisov_14196561,https://cs16.pikabu.ru/s/2025/06/09/17/7stsjm7p_s.jpg,,", , . . , . 19 20/ 21 . , , , .
: 
66 . .
? 1819 , , . . - 1830 , 1843 . - "" "", , . , 1846 . ***********
 , 19 . , 21 . , , , , . "" -"", "" "", "" -. ""., . .19 . .
, , . , : 
1. - , () () . , , .
… [+1391 chars]",,2026-08-07 11:06:13+00:00,wmo,Russia,ESB,Europe
7e1b1b5049f6f8a9c69b85394722f1be,2026-07-16T08:00:16Z,Fog,туман Гомельской области,hi-tech.mail.ru,ru,0.3,Yandex Weather hat mithilfe von KI eine Vorhersage für die zweite Sommerhälfte erstellt. Die Spezialisten nutzten die Meteum-KI-Technologie. Die Meteorologen von Yandex Weather erstellten mithilfe der Meteum AI-Technologie eine Vorhersage für die zweite Sommerhälfte. Experten zufolge wird das Wetter in verschiedenen Regionen Russlands deutlich unterschiedlich sein: Zentral- und…,«Яндекс Погода» подготовила с помощью ИИ прогноз на вторую половину лета,"Специалисты использовали ИИ-технологию «Метеум».Метеорологи «Яндекс Погоды» подготовили прогноз на вторую половину лета с использованием ИИ-технологии «Метеум». По оценке специалистов, погода в разных регионах России будет заметно отличаться: центральные и се…","Yandex Weather has prepared a forecast for the second half of summer using AI. The specialists used the Meteum AI technology. Yandex Weather meteorologists prepared a forecast for the second half of the summer using the Meteum AI technology. According to experts, the weather in different regions of Russia will be noticeably different: central and…","Yandex Tempestas auspicium media aestate AI utendo paravit. Artatores technologiae Meteum AI usi sunt. Yandex Tempestas astrologi praenuntiationem paraverunt pro media aestate mediante technologia Meteum AI. Secundum peritis, tempestas in diversis Russiae regionibus conspicue diversae erunt: centralis et…",https://hi-tech.mail.ru/news/151399-yandeks-pogoda-podgotovila-s-pomoshyu-ii-prognoz-na-vtoruyu-polovinu-leta/,https://resizer.mail.ru/p/e0f56d7b-1d13-5398-a0e9-9ebd4cc6ce96/AQAKDevZZzS306nwLqTgy8DBOYm88KL1jDl4W6MyGPr-WhFvM1yCfLYO8oQxynpxqe7VFPqwPHlsKUlwLe7bHVa6a1E.jpg,,",  , .  26−28 °C     30    .   .  -  —   18−25 °C,       .
  .  ,  --    28  36       .  --    37−39 °C.     ,     .
  ,    .  ,     :  24−28 °C       25−30 °C  .    .
  .     ,    , .       ,    … [+28 chars]",,2026-08-07 20:57:05+00:00,wmo,Belarus,WCE,Europe
178ff681f65cc61b060de5ac82464d9e,2026-07-22T04:00:27Z,Wildfire,лесной пожар Челябинская область,rg.ru,ru,0.3,Der Volkskünstler Russlands Oleg Gazmanov wurde 75 Jahre alt. Drei Tage vor seinem 75. Geburtstag sang und tanzte Oleg Gazmanov beim Moskauer VK-Fest. Das überfüllteste Musikfestival in Russland versammelt an zwei Tagen 85.000 Zuschauer. Und er wurde wahrscheinlich der älteste Teilnehmer in seiner gesamten Geschichte. Und im Jahr 2026 und einem der aufregendsten...,Народному артисту России Олегу Газманову исполнилось 75 лет,"За три дня до 75-летия Олег Газманов спел и сплясал на московском VK Fest. Самом многолюдном музыкальном фестивале России, собравшем за два дня 85 тысяч зрителей. И стал, наверное, самым старшим участником за всю его историю. А в 2026 году и одним из самых эн…","People's Artist of Russia Oleg Gazmanov turned 75 years old. Three days before his 75th birthday, Oleg Gazmanov sang and danced at the Moscow VK Fest. The most crowded music festival in Russia, gathering 85 thousand spectators over two days. And he became, probably, the oldest participant in its entire history. And in 2026 and one of the most en...","Artifex populi Russiae Oleg Gazmanov annos LXXV convertit. Triduo ante natalem suum LXXV, Oleg Gazmanov cantavit et Moscuae VK Festo saltavit. In celeberrima festo musicae Russiae congregantur LXXXV milia spectatorum per biduum. Et factus est fortasse maximus particeps totius historiae. Et in 2026 unum en maxime...",https://rg.ru/2026/07/22/arifmetika-zhizni-gazmanova.html,https://cdnstatic.rg.ru/uploads/images/2026/07/21/28-p---zamena-gazmanov-3u3a8977-1jpg_7ad.jpg,,"- - , - """" . - , . - . . . : , , . ! , ().
""&gt;
, , """" ( "" ""), - . . . """" - , - . ?! ...
 - , , . : 15 . , . 75!
 , , . . , . , VK Fest, .
, . , : "" , "".
75 . -, , . , , "" "", "" "".
- , , , . ?… [+250 chars]",,2026-08-07 20:57:05+00:00,wmo,Russia,ESB,Europe
4dcb37e93ee7103640d7c38eabb12ffe,2026-07-23T07:20:09Z,Thunderstorm,суровая погода вологодская область,pikabu.ru,ru,0.3,"Wie Eis bis zum Sommer konserviert wurde, als es keine Kühlschränke mehr gab. Im Winter gingen die Menschen auf einen zugefrorenen Teich und begannen, Eis daraus zu schneiden – nicht um es sofort zu verwenden, sondern um es mehrere Monate im Voraus, manchmal bis zum Hochsommer, zu verstecken. Das Eis schmolz natürlich immer noch. Die Frage war eine andere: Was machte...","Как сохраняли лёд до лета, когда холодильников не было","Зимой люди выходили на замёрзший пруд и начинали вырезать из него лёд — не для того, чтобы сразу его использовать, а чтобы спрятать на несколько месяцев вперёд, иногда до самого разгара лета. Лёд, разумеется, всё равно таял. Вопрос был в другом: что заставлял…","How ice was preserved until the summer, when there were no refrigerators. In winter, people went out onto a frozen pond and began to cut ice out of it - not to use it immediately, but to hide it for several months in advance, sometimes until the height of summer. The ice, of course, still melted. The question was different: what made...","Quam glacies servata est usque ad aestatem, cum nullae essent refrigerationes. Hieme in gelidam piscinam exiverunt et glaciem ex ea secare coeperunt, non statim uti, sed ante aliquot menses abscondere, interdum usque ad summam aestatem. Glacies, scilicet, liquefacta est. Quaestio alia fuit: quidnam.",https://pikabu.ru/story/kak_sokhranyali_lyod_do_leta_kogda_kholodilnikov_ne_byilo_14176568,https://cs18.pikabu.ru/s/2026/07/23/10/cytrepdw_s.jpg,,"XVIIIXIX . .
, , , . , , . : ?
 « - », . : , , . , XVIIIXIX .
 . , , . 1893 : , , , .
. Theron L. Hiles «The Ice Crop», 1893 ( ). Public domain, Science History Institute.
, , . Hanbury Hall , ,… [+459 chars]",,2026-08-07 20:57:05+00:00,wmo,Russia,ESB,Europe
280bdadd0862158308191a000ce9b2ff,2026-07-10T10:55:21Z,Thunderstorm,гроза в россии,pogoda.mail.ru,ru,0.7,"Wie der Fujiwara-Effekt an diesem Wochenende das Wetter in Russland verändern wird. Das Hydrometeorologische Zentrum warnte vor unterschiedlichem Wetter in Russland: Was hat der Fujiwara-Effekt damit zu tun? Wir verraten Ihnen, wo am 11. und 12. Juli Schauer mit Gewittern und böigen Winden zu erwarten sind und in welchen Regionen heißes und trockenes Wetter einsetzt.",Как в выходные эффект Фудзивары изменит погоду в России,"Гидрометцентр предупредил о контрастной погоде в России: при чем тут эффект Фудзивары. Рассказываем, где 11 и 12 июля ожидаются ливни с грозами и шквалистым ветром, а в каких регионах установятся жара и сухая погода.","How the Fujiwara effect will change the weather in Russia this weekend. The Hydrometeorological Center warned about contrasting weather in Russia: what does the Fujiwara effect have to do with it? We tell you where showers with thunderstorms and squally winds are expected on July 11 and 12, and in which regions hot and dry weather will set in.","Quomodo effectus Fujiwara tempestatem mutabit in Russia hac volutpat. Centrum hydrometeorologicum monuit de tempestatibus in Russia discrepantibus: quid effectus Fujiwara cum ea facere? Dicimus tibi ubi imbres cum procellis et procellis procellis expectantur in die 11 et 12 iulii, et in quibus regionibus calidis et siccitatibus incipient.",https://pogoda.mail.ru/news/71587928/,https://resizer.mail.ru/p/5a132fb3-4bd1-51cf-a0fc-f29cdeac2a78/AAAGuOAtk6RONpj5tmrqv5fQQ6We2LZOit8COgoL9M4cAh2XpU2JcnLUeyRhG3fXXT70wNNsTKTs0GdPnHnYMm4bFXA.jpg,,",     .   , ,   .    20−25  .        , ,   .  - .",,2026-08-07 20:57:05+00:00,wmo,Russia,ESB,Europe
30d1ff49e4979b22f0dfb4cf540fb20d,2026-07-16T06:39:09Z,Heat Wave,жара в россии,news.mail.ru,ru,0.7,"Die Hitze wird mehrere Regionen Russlands gleichzeitig erfassen: Prognostiker warnten vor 35 Grad Hitze. In den kommenden Tagen wird im Altai-Territorium und in der Republik Tuwa ungewöhnlich heißes Wetter erwartet. Wie Lyudmila Parshina, Leiterin des Labors des Hydrometeorologischen Zentrums, gegenüber RIA Novosti sagte, herrschen auch in der Region Nowosibirsk weiterhin hohe Temperaturen.",Жара накроет сразу несколько регионов России: Синоптики предупредили о 35-градусном пекле,"Аномально жаркая погода ожидается в ближайшие дни в Алтайском крае и Республике Тыва. Как сообщила РИА «Новости» заведующая лабораторией Гидрометцентра Людмила Паршина, высокие температуры также сохраняются в Новосибирской области.","The heat will cover several regions of Russia at once: Forecasters warned of 35-degree heat. Abnormally hot weather is expected in the coming days in the Altai Territory and the Republic of Tyva. As Lyudmila Parshina, head of the laboratory of the Hydrometeorological Center, told RIA Novosti, high temperatures also persist in the Novosibirsk region.","Calor varias regiones Russiae statim operiet: Forecasters de 35 gradu caloris admoniti. Aestus enormis exspectatur in Territorio Altai et Reipublicae Tyvae venientibus diebus. Sicut Lyudmila Parshina, caput laboratorii Centri Hydrometeorologici, nuntiavit RIA Novosti, altae temperaturae etiam in regione Novosibirsco perseverare.",https://news.mail.ru/society/71651344/,https://news.mail.ru/social_preview/71651344/?time=caa414e373487a1f6132c97704b825ca,,"« 18  22    .  — 30  .   16   ,  35  », — .",,2026-08-07 20:57:05+00:00,wmo,Russia,ESB,Europe
0a9cee92027731747d6db0235bd37d8a,2026-07-30T11:11:00Z,Heat Wave,жара в москве,www.interfax.ru,ru,0.7,"In Moskau werden für das Wochenende dreißig Grad Hitze vorhergesagt. In Moskau wird es ab Freitag wärmer, am Wochenende sind Temperaturen von bis zu 30 Grad möglich; Anfang nächster Woche werde das heiße Wetter anhalten, die Höchsttemperatur werde plus 28 erreichen, sagte die leitende Mitarbeiterin des Hydrometeorologischen Zentrums Russlands Marina Makarova. „In der Nacht von…",В Москве на выходные прогнозируют тридцатиградусную жару,"В Москве с пятницы начнет теплеть, а в выходные возможна жара до 30 градусов, в начале следующей недели жаркая погода сохранится, максимальная температура будет доходить до плюс 28, сообщила ведущий сотрудник Гидрометцентра России Марина Макарова.""В ночь на п…","In Moscow, thirty-degree heat is predicted for the weekend. In Moscow, it will start to get warmer on Friday, and on the weekend heat of up to 30 degrees is possible; at the beginning of next week, the hot weather will continue, the maximum temperature will reach plus 28, said leading employee of the Hydrometeorological Center of Russia Marina Makarova. “On the night of…","Moscuae triginta gradus caloris pro volutpat vestibulum praedicitur. In Moscuae incipiet die Veneris incalescere, et in auctorum fervore usque ad 30 gradus fieri potest; ineunte septimanae proximae, aestus manebit, maxima temperatura plus 28. perventurum dixit: operarius principalis minister Hydrometeorologici Centri Russiae Marina Makarova. ""In nocte ...",https://www.interfax.ru/moscow/1106571,https://www.interfax.ru/aspimg/1106571.jpg,,". 30 . INTERFAX.RU - , 30 , , 28, .
"" . , . 15 - 17, 12 - 17. 24 - 26, 22 - 27. . , . , , . "", - .
 . 14 - 16, 28 - 30 , 25 - 30 . . 15 - 17, 7 - 12, 29 - 31, 27 - 32.
"" , , , . 15 /"", - .
 , , ,… [+29 chars]",,2026-08-08 10:50:32+00:00,wmo,Russia,ESB,Europe
1ba87a16d961bee7d403167c0df4381a,2026-07-31T06:50:25Z,Heat Wave,жара в москве,rg.ru,ru,0.7,"Die Moskauer wurden am Wochenende vor extremer Hitze gewarnt. Am Wochenende des 1. und 2. August wird in Moskau starke Hitze erwartet, die Lufttemperatur kann auf 31 Grad ansteigen, warnt die Hauptdirektion des russischen Ministeriums für Notsituationen für Moskau in ihrem Kanal im Max-Messenger.",Москвичей предупредили о сильной жаре в выходные,"В выходные 1 и 2 августа в Москве ожидается сильная жара, температура воздуха может подняться до 31 градуса, предупреждает Главное управление МЧС России по Москве в своем канале в мессенджере "" Макс "".","Muscovites were warned of extreme heat over the weekend. On the weekend of August 1 and 2, severe heat is expected in Moscow, the air temperature can rise to 31 degrees, warns the Main Directorate of the Russian Ministry of Emergency Situations for Moscow in its channel in the Max messenger.","Moscovitae admoniti sunt caloris nimii in volutpat. In volutpat Augusti 1 et 2, gravis calor Moscuae expectatur, temperies aeris ad 31 gradus oriri potest, monet Praecipuum Directoratum Ministerii Russiae Emergency Situationis Moscuae in suo alveo in Max nuntio.",https://rg.ru/2026/07/31/moskvichej-predupredili-o-silnoj-zhare-v-vyhodnye.html,https://cdnstatic.rg.ru/images/rg-social-dummy-logo-650x360.jpg,,,,2026-08-08 10:50:32+00:00,wmo,Russia,ESB,Europe
0e6b18c5207ae3450699acc00596f34d,2026-07-31T06:54:00Z,Heat Wave,жара в россии,www.interfax.ru,ru,0.7,"An diesem Wochenende wird in Moskau mit extremer Hitze gerechnet. Für das kommende Wochenende wird in Moskau sehr heißes Wetter vorhergesagt, berichtet die Hauptabteilung des russischen Ministeriums für Notsituationen für die Hauptstadt. „Am 1. und 2. August wird tagsüber stellenweise in Moskau starke Hitze erwartet – 29 bis 31 °C“, heißt es in einer im Max-Messenger veröffentlichten Nachricht.",Сильная жара ожидается в выходные в Москве,"Очень жаркая погода прогнозируется в Москве на предстоящих выходных, сообщает главное управление МЧС России по столице.""В дневные часы 1-2 августа местами в Москве ожидается сильная жара - 29-31°С"", - говорится в сообщении, опубликованном в мессенджере Max.","Extreme heat is expected this weekend in Moscow. Very hot weather is predicted in Moscow for the coming weekend, reports the main department of the Russian Ministry of Emergency Situations for the capital. “In the daytime on August 1-2, intense heat is expected in places in Moscow - 29-31 ° C,” says a message published in the Max messenger.","Extremus calor id volutpat Moscuae expectat. Tempestas calidissima in Moscuae praenuntiata pro venturo weekend, principalem department of Russiae Ministry de condicione rerum capitalium refert. ""Interdiu Kalendis Augustis 1-2, aestus intensus exspectatur in locis Moscuae - 29-31 ° C"", nuntium in Max nuntio editum dicit.",https://www.interfax.ru/moscow/1106735,https://www.interfax.ru/aspimg/1106735.jpg,,"Copyright © 1991—2026 Interfax. . ""."".  77 - 84928 , () 21.03.2023. , -, / - , .Interfax.ru ( ) cookie. , cookie.: , 127006, , 1- - , 2, .1, .: +7 (499) 250-98-40, : +7 (499) 250-97-27",,2026-08-08 10:50:32+00:00,wmo,Russia,ESB,Europe
fe4530aa875967e4d4c554806868bd41,2026-07-25T20:20:13Z,Storm,гроза ростовской области,news.mail.ru,ru,0.7,"In der Region Rostow kam es aufgrund des Hurrikans zu einer Unterbrechung der Stromversorgung von 15 Städten und Kreisen. Stürmische Winde, Gewitter und starker Regen führten in mindestens 15 Städten und Kreisen der Region Rostow zu Stromausfällen. Dies gab der Regionalgouverneur Yuriy Slyusar bekannt.",В Ростовской области из-за урагана нарушено энергоснабжение 15 городов и районов,"Штормовой ветер, гроза и сильный ливень привели к перебоям с энергоснабжением как минимум в 15 городах и районах Ростовской области. Об этом сообщил губернатор региона Юрий Слюсарь.","In the Rostov region, the power supply to 15 cities and districts was disrupted due to the hurricane. Stormy winds, thunderstorms and heavy rain led to power outages in at least 15 cities and districts of the Rostov region. This was announced by the regional governor Yuriy Slyusar.","In regione Rostov, potestas copiarum ad 15 civitates et regiones propter procellam turbabatur. Ventorum procellarum, tonitruum et pluviarum gravissimarum rerum potitus educitur saltem 15 civitates et regiones regionis Rostoviae. Hoc nuntiatum est a praefecto regionali Yuriy Slyusar.",https://news.mail.ru/politics/71762950/,https://news.mail.ru/social_preview/71762950/?time=f3eebf6260dc35d3229a56c7b2b6bcc5,,",    --, , , , , , ,    , , -, , -, , -   .",,2026-08-08 15:44:19+00:00,wmo,Russia,ESB,Europe
c157663fea07bbe6355d34c4be965b47,2026-07-26T06:29:11Z,Storm,шторм в россии,sportmail.ru,ru,0.7,"Russischer Rugby-Pokal-7. Am zweiten Tag spielen Dynamo, Kuban, Zastava, Baltic Storm und andere. Am 26. Juli endet in Monino der russische Rugby-7er-Pokal: Die letzten Spiele der Gruppenphase und der Playoffs finden statt.","Кубок России по регби-7. «Динамо», «Кубань», «Застава», «Балтийский шторм» и другие сыграют во второй день",26 июля завершится Кубок России по регби-7 в Монино: пройдут последние матчи группового этапа и плей-офф.,"Russian Rugby Cup-7. Dynamo, Kuban, Zastava, Baltic Storm and others will play on the second day. On July 26, the Russian Rugby 7s Cup will end in Monino: the last matches of the group stage and playoffs will be held.","Cup-Russice Rugby. Dynamo, Kuban, Zastava, Storm Baltic et alii secundo die ludent. Die XXVI mensis Iulii, Calix Russicus Rugby 7s in Monino finiet: ultimae coetus scaenae et ludi scaenicorum tenebuntur.",https://sportmail.ru/news/others/71764817/,https://resizer.mail.ru/p/784e5839-4386-5ce7-aff7-732540839276/AAAGgOBDQaa8Ym4AFJFqOtYzNQkBpx3LroyL3DiC8OGZsP6FmpztjRsuX5ih3jFLG2Mojc4GLNci2Y-LIg2LiPxfMPw.jpg,,":  — 10 (4 ),  — 9 (3), - — 5 (3),  — 5 (3), - — 3 (3).",,2026-08-09 15:45:58+00:00,wmo,Russia,ESB,Europe
a0f688c6ee465e937322e4167300b09d,2026-07-13T03:14:10Z,Heat Wave,жара в россии,news.mail.ru,ru,0.7,In mehreren russischen Regionen kehrt extreme Hitze zurück: Ein Klimatologe warnte vor hohen Temperaturen. Klimatologe Fazzini: Der europäische Teil der Russischen Föderation wird stärker unter einer neuen Hitzewelle leiden.,Экстремальная жара возвращается в ряд регионов России: климатолог предупредил о высоких температурах,Климатолог Фаццини: европейская часть РФ сильнее пострадает от новой волны жары.,Extreme heat is returning to a number of Russian regions: a climatologist warned of high temperatures. Climatologist Fazzini: the European part of the Russian Federation will suffer more from a new heat wave.,Extremus calor ad multas regiones Russiae revertitur: monuit climatologist temperaturas altas. Climatologist Fazzini: Europae pars Foederationis Russiae maiorem aestum fluctum patietur.,https://news.mail.ru/society/71609398/,https://resizer.mail.ru/p/2cdb2fdc-4aca-5bf6-b6eb-07cba0fdd5b2/AAAG2xFmKDewY0kwM55UR2VygPAeKOay7a5qoBGcuPRbQlpFLSgZKzXwhYDHAsNGEgIk6tzQp-o0a07afGYmsfsgM0E.jpg,,:     .,,2026-08-12 02:42:19+00:00,wmo,Russia,ESB,Europe
3c392f73e4ad33940f72d8691ec6ee07,2026-07-20T15:21:31Z,Heat Wave,жара в россии,pogoda.mail.ru,ru,0.7,"Der August wird in Russland das übliche Wettermuster durchbrechen. Der Sommer 2026 in Russland endet mit einer Reihe von Wetterkontrasten. Finden Sie heraus, ob das Land von ungewöhnlicher Hitze heimgesucht wird und ob mit starken Regenfällen zu rechnen ist.",Август в России сломает привычный шаблон погоды,"Лето 2026 в России завершится чередой погодных контрастов. Узнайте, накроет ли страну аномальная жара, ожидаются ли сильные дожди.",August in Russia will break the usual weather pattern. Summer 2026 in Russia will end with a series of weather contrasts. Find out whether the country will be hit by abnormal heat and whether heavy rains are expected.,Augustus in Russia solitos tempestatum formas solvet. Aestas 2026 in Russia cum serie tempestatum contrariarum erit. Expende num terra abnormalibus caloribus feriatur et num graves pluviae expectentur.,https://pogoda.mail.ru/news/71698615/,https://resizer.mail.ru/p/198fa434-762b-5d88-a461-c3923db5de11/AAAGtd8RSIyiyjlTL-tITdsPQ9z5UsrqiTszfAPaDvgU_BzDXDbNVqE8-6B18IeTciGCv8rq02HLx0i2yegwCzgHRNA.jpg,,",    .     .",,2026-08-12 02:42:19+00:00,wmo,Russia,ESB,Europe
ba925f018136a0f52da9ecb95b2e2925,2026-07-22T10:16:06Z,Heat Wave,жара в россии,pogoda.mail.ru,ru,0.7,"Meteorologen warnten vor der Ankunft von Schauern in Russland. Wir sagen Ihnen, welches Wetter in den Regionen Russlands vom 22. bis 23. Juli 2026 erwartet wird. Vorhersage für Mittwoch und Donnerstag: Wo kommt der Kälteeinbruch, wo wird es Schauer geben, wo bleibt die Hitze?",Синоптики предупредили о приходе ливней в Россию,"Рассказываем, какая погода ожидается в регионах России 22–23 июля 2026. Прогноз на среду и четверг: куда придет похолодание, где пройдут ливни, где сохранится жара.","Forecasters warned of the arrival of showers in Russia. We tell you what weather is expected in the regions of Russia on July 22–23, 2026. Forecast for Wednesday and Thursday: where the cold snap will come, where there will be showers, where the heat will remain.","De adventu imbres in Russiam vaticinatores monuerunt. Dicimus tibi quanta tempestas expectetur in regionibus Russiae die 22-23 Iulii, 2026. Praedictio Mercurii et Iovis: ubi franguntur frigus, ubi imbres erunt, ubi aestus manebit.",https://pogoda.mail.ru/news/71719759/,https://resizer.mail.ru/p/ff0bae6e-ad43-57b7-a85e-f299e06592d4/AAAG_CDQQZ0UEnITtaguKsRnZAO8JgVMq18JzXhXn3YtWA3Q9GnvJAiZDDi2iRdls-bkWtRd8LqJoqO5zHskherw2aM.jpg,,".  , 22 ,  , 23 ,   +18 °C   ,   .",,2026-08-12 02:42:19+00:00,wmo,Russia,ESB,Europe
35ff4c066e1b0c986ccf78563fec663b,2026-07-31T10:11:21Z,Heat Wave,жара в москве,lenta.ru,ru,0.7,"Den Bewohnern der Hauptstadtregion wurde Wärme versprochen. Am kommenden Wochenende werden in Moskau und der Region Moskau Temperaturen von plus 29 Grad erwartet. Der Leiter des Meteo-Vorhersagezentrums, Alexander Schuwalow, habe den Bewohnern der Hauptstadtregion ein solches Wetter versprochen, berichtet RT",Жителям столичного региона пообещали жару,"На предстоящих выходных в Москве и Подмосковье ожидается жара до плюс 29 градусов. Такую погоду жителям столичного региона пообещал руководитель прогностического центра «Метео» Александр Шувалов, сообщает RT","Residents of the capital region were promised heat. This coming weekend in Moscow and the Moscow region the heat is expected to reach plus 29 degrees. The head of the Meteo forecast center, Alexander Shuvalov, promised residents of the capital region this kind of weather, reports RT","Residentibus regionis capitalis calor promisit. In hac volutpat vestibulum Moscuae et Moscuae venientis expectatur calor plus 29 gradus attingere. Caput Meteo praesagio medius Alexander Shuvalov, promisit incolas regionis capitis huius generis tempestatum, refert R.T.",https://lenta.ru/news/2026/07/31/zhitelyam-stolichnogo-regiona-poobeschali-zharu/,https://icdn.lenta.ru/images/2026/07/31/12/20260731121825921/share_2894f9332ded383d61946861bd78d797.jpg,,"29 . «» , RT.
 , , 1 , 27-29 . « 25 , 30 », .
 , 25-27. , , .
 , . « 25 . 10-15 . , », .
, - .",,2026-08-13 11:10:27+00:00,wmo,Russia,ESB,Europe
652aff31a226a2f8cc999bf2dfb54dbf,2026-07-27T06:30:21Z,Heat Wave,жара в москве,news.mail.ru,ru,0.7,"Der Meteorologe sagte, wann in Moskau wieder 30-Grad-Hitze herrschen werde. Tischkowez: Am Wochenende werden in Moskau sonniges, trockenes Wetter und bis zu 31 Grad erwartet.","Синоптик рассказал, когда 30-градусная жара вернется в Москву","Тишковец: в выходные в Москве ожидается солнечная, сухая погода и до 31 градуса.","The weather forecaster told when 30-degree heat will return to Moscow. Tishkovets: sunny, dry weather and up to 31 degrees are expected in Moscow over the weekend.","Vatem tempestatem nuntiaverunt cum triginta gradus caloris Moscuam redituros esse. Tishkovets: serenum, siccitatem et usque ad 31 gradus Moscuae super weekend expectatur.",https://news.mail.ru/society/71773466/,https://resizer.mail.ru/p/d0a2dab7-8530-5adf-b1e4-8c7d472d1e33/AAAGHfVARMfZsacaVBRcJtLcxFadwXAFfNn16Hg54-vrC7H0uOVK0_EG_GvSmZmM6rbjHEd3ExTgRCxn5-sroyvsacQ.jpg,,":     ,   31 .",,2026-08-15 05:38:25+00:00,wmo,Russia,ESB,Europe
4de5262b4bac6261fb9cbac0772c7f9d,2026-07-28T10:34:13Z,Heat Wave,жара в москве,news.mail.ru,ru,0.7,Die Moskauer wurden am Dienstag vor der Hitze gewarnt. Ministerium für Notsituationen: Am Dienstag wird die Hitze in Moskau 31 Grad erreichen.,Москвичей предупредили о жаре во вторник,МЧС: жара до 31 градуса установится в Москве во вторник.,Muscovites were warned about the heat on Tuesday. Ministry of Emergency Situations: the heat will reach 31 degrees in Moscow on Tuesday.,Moscovitae de calore Martis. Ministerium tumultuarios Situs: calor 31 gradus Moscuae die Martis perveniet.,https://news.mail.ru/society/71790981/,https://resizer.mail.ru/p/b673c125-2ffd-5ae5-ace5-65fdde25f0e6/AAAGFho05sH0GvtWlw6hdUDXBcW9nHZud9XIWYXjGOMHRi6MQOfT1PfbUDfHlsihC1yQ7FFIJhP6XKwmXUZmJbsnF38.jpg,,"«  ,    14  16 28    30… 31 », —  .",,2026-08-15 05:38:25+00:00,wmo,Russia,ESB,Europe
8fb846adf9a85268f288574d0a8af4ed,2026-07-27T16:22:10Z,Precipitation,проливной дождь республика башкортостан,vz.ru,ru,0.3,"Peskow kündigte die Stärkung der Souveränität Russlands dank der „idealen Krise“ an. Die aktuelle Krise habe das Land paradoxerweise gestärkt, für unmittelbare soziale Einheit gesorgt und die Stärkung der technologischen Souveränität beschleunigt, sagte der Pressesprecher des russischen Präsidenten Dmitri Peskow. Peskow beschreibt im Forum „Territory of Meanings“ die...",Песков заявил об укреплении суверенитета России благодаря «идеальному кризису»,"Текущий кризис парадоксальным образом сделал страну сильнее, обеспечив моментальное сплочение общества и ускорив укрепление технологического суверенитета, сообщил пресс-секретарь президента России Дмитрий Песков. Песков на форуме «Территория смыслов» охаракте…","Peskov announced the strengthening of Russia’s sovereignty thanks to the “ideal crisis.” The current crisis has paradoxically made the country stronger, ensuring immediate social unity and accelerating the strengthening of technological sovereignty, said Russian Presidential Press Secretary Dmitry Peskov. Peskov at the “Territory of Meanings” forum describes the...","Peskov nuntiavit dominationem Russiae firmandam ""crisi ideali"". Discrimen hodiernum paradoxice patriam validiorem fecit, ad unitatem socialem immediatam procurans et ad technologicum principatum corroborandum accelerans, dixit Russian Praesidential Press Secretarius Dmitry Peskov. Peskov in foro sensuum ""territorium"" describitur...",https://vz.ru/news/2026/7/27/1438133.html#text,https://img.vz.ru/upimg/soc/soc_1438133.png,,"« «   » . , . , , , - », .
 , , , . « , , «-», .
 , , . « , , . », .
« , , . . « ». », .
 , . . «» . 
« . . , , , , . , , . , , , , , , , , , , 10, 15, ». 
 , , , , . « , . , . ? », .
, «» , ,… [+97 chars]",,2026-08-15 20:37:45+00:00,wmo,Russia,ESB,Europe
f0417eac8ee533494c5039912017b083,2026-07-29T01:09:33Z,Storm,штормовой нагон Псковской области,www.youtube.com,ru,0.3,"Chodorkowski LIVE: ⚡️NEWS | MEDVEDEV ÜBER MOBILISIERUNG | Appell an Putin | TRUMP HAT EINEN FREUND BEGRABEN | HURRIKAN IN MOSKAU (07.29.2026). Die wichtigsten Nachrichten für den Morgen des 29. Juli:
— Wladimir Selenskyj traf sich in Washington mit Donald Trump. Die Verhandlungen fanden im Oval Office statt, die Türen waren für die Presse verschlossen. Das Weiße Haus nannte das Treffen „positiv und produktiv“, Produktionslizenzen wurden besprochen...",Ходорковский LIVE: ⚡️НОВОСТИ | МЕДВЕДЕВ О МОБИЛИЗАЦИИ | ОБРАЩЕНИЕ К ПУТИНУ | ТРАМП ПОХОРОНИЛ ДРУГА | УРАГАН В МОСКВЕ (2026-29-07),"Главные новости к утру 29 июля:
— Владимир Зеленский встретился с Дональдом Трампом в Вашингтоне. Переговоры прошли в Овальном кабинете при закрытых для прессы дверях. Белый дом назвал встречу «позитивной и продуктивной», обсуждались лицензии на производство …","Khodorkovsky LIVE: ⚡️NEWS | MEDVEDEV ABOUT MOBILIZATION | APPEAL TO PUTIN | TRUMP BURIED A FRIEND | HURRICANE IN MOSCOW (2026-29-07). The main news for the morning of July 29:
— Vladimir Zelensky met with Donald Trump in Washington. The negotiations took place in the Oval Office with the doors closed to the press. The White House called the meeting “positive and productive”, production licenses were discussed...","Khodorkovsky LIVE: ⚡️NEWS | MEDVEDEV DE MOBILIZATION | APPELLATIO AD PUTIN | BUCINUM SEPULTUS AMICUS | HURRICANE IN MOSCOW (2026-29-07). Praecipuum nuntium ad matutinum 29 Iulii;
— Vladimirus Zelensky occurrit cum Donaldo Trump in Washington. Negotium fiebat in Officio Oval ianuis praelo clausis. Domus Alba conventum ""positivum et fructuosum"" appellavit, licentiae productionis discussae sunt.",https://www.youtube.com/supported_browsers?next_url=https://www.youtube.com/watch%3Fv%3DXUJFjyj5RuE,,,"Your browser isnt supported anymore. Update it to get the best YouTube experience and our latest features. Learn more
Remind me later",,2026-08-19 10:44:43+00:00,wmo,Russia,ESB,Europe
4a58c70b057a611655ad9684b72bd2e4,2026-07-28T11:41:24Z,Heat Wave,жара в москве,life.ru,ru,0.7,"Das Ministerium für Notsituationen warnte die Moskauer vor einer Hitze von bis zu 31 Grad. Am Nachmittag des 28. Juli wird in Moskau mit extremer Hitze gerechnet, die Thermometer steigen auf über 30 Grad. Das Ministerium für Notsituationen gab eine Notfallwarnung heraus.",МЧС предупредило москвичей о жаре до 31 градуса,"В Москве днём 28 июля ожидается экстремальная жара, столбики термометров поднимутся выше 30 градусов. Экстренное предупреждение распространило МЧС.","The Ministry of Emergency Situations warned Muscovites about heat up to 31 degrees. Extreme heat is expected in Moscow on the afternoon of July 28, with thermometers rising above 30 degrees. An emergency warning was issued by the Ministry of Emergency Situations.",Ministerium condicionum tumultuarios monuit Moscovitas de calore usque ad 31 gradus. Calor extremus exspectatur Moscuae post meridiem die 28 mensis Iulii cum thermometris supra 30 gradus ascendentibus. Monitio repentina a Ministerio Emergency Situationes edita est.,https://life.ru/p/1905102,https://static.life.ru/ip/unsafe/rs:fit:1200:/q:98/sh:0.5/czM6Ly9saWZlLXN0YXRpYy9wdWJsaWNhdGlvbnMvMjAyNi83LzI4LzE2MDAyNDkxOTAxODUuMTYwNC5wbmc=.webp,,"28 , 30 . .
 14 16 . 3031 . , .
 . - , . , , - . .
 . 15 29 , , 17 .
 27 . 35 , 34,5 , 1952 . , 35,1 .
 « » Life.ru.",,2026-08-19 20:43:50+00:00,wmo,Russia,ESB,Europe
80fd3fa3db73d7779bfff487f81bc5d0,2026-07-29T12:53:51Z,Heat Wave,жара в москве,rg.ru,ru,0.7,"Anfang August wird es in Moskau heftige Hitze geben. Anfang August werde es in Moskau heißes Wetter geben, warnte das Hydrometeorologische Zentrum.",В начале августа в Москву придет сильная жара,"Жаркая погода установится в Москве в первых числах августа, предупредили в Гидрометцентре.","In early August, intense heat will come to Moscow. Hot weather will set in Moscow in early August, the Hydrometeorological Center warned.","Ineunte Augusto aestus intensus Moscuam veniet. Tempestas aestus Moscuae ineunte Augusto tradet, Centrum Hydrometeorologicum monuit.",https://rg.ru/2026/07/29/v-nachale-avgusta-v-moskvu-pridet-silnaia-zhara.html,https://cdnstatic.rg.ru/images/rg-social-dummy-logo-650x360.jpg,,,,2026-08-19 20:43:50+00:00,wmo,Russia,ESB,Europe
09c98cf5e9a80c6d4c6c8b3669c7d9bd,2026-07-31T09:07:14Z,Heat Wave,жара в москве,news.mail.ru,ru,0.7,"Der Wettervorhersager sagte uns, wann die Hitze in Moskau enden wird. Golubev: Anfang nächster Woche wird die Hitze in der Region Moskau nachlassen.","Синоптик рассказал, когда закончится жара в Москве",Голубев: в начале следующей недели жара в Московском регионе отступит.,The weather forecaster told us when the heat will end in Moscow. Golubev: at the beginning of next week the heat in the Moscow region will recede.,Vatem tempestatem nobis narravit quando Moscuae aestus finietur. Golubev: ineunte septimanae proximae regione Moscuae aestus recedet.,https://news.mail.ru/society/71829839/,https://resizer.mail.ru/p/26ede65d-48d0-5938-bdc8-1c945ae5632b/AAAGBHdpGJHi5gFH4khXEAvXb1-j0r_BYjrTMhUgBjClcCPOtjZ9IHB-V4WvCDctOayDWW6_02fuNk6a_cRJogAuQHk.jpg,,"«,    ,    ,    +20−24 . -  ,      3−5 », — .",,2026-08-19 20:43:50+00:00,wmo,Russia,ESB,Europe
