week,sentiment_mean,sentiment_std,subjectivity_mean,subjectivity_std,counting
2025-46,-0.1893862183097731,1.2674680124631155,0.48243469417451557,0.5030702996466668,8.0
2025-47,-0.28655034715646815,0.9835310240075392,0.5186132690384125,0.9713230680784606,15.0
2025-48,-0.27037634462337234,0.623483945035458,-0.5533806513047888,0.898911698185956,14.0
2025-49,0.40538926599192,0.9823454962747862,-0.011094498300937403,1.03968014772665,14.0
2025-50,0.10977232839306333,0.8991667218537845,-0.1671388363814664,0.7832347421204708,11.0
2025-51,0.30564360861483075,0.8488146809265583,-0.2505861219156671,0.8514990944595265,4.0
2025-52,0.2956546142730596,0.9710730254329976,0.4099887863657026,0.7935630300097536,2.0
2026-01,0.517454889668201,0.6272500481871799,-0.5729818563490405,0.17363972405196976,2.0
